Story ID	Area	Feature	User story	Expected behavior	Code refs	Automated coverage	Test status	Defect status	Priority	Notes
LCLI-DV-001	Delivery Visibility	CLI queue and monitor read views	As a Staff / Tech Lead, I want CLI queue views for ready, blocked, review, show, and monitor state, so I can assess delivery health without opening the browser.	Read-only data commands apply status, type, parent, assignee, and output-format filters without mutating issue state; monitor output summarizes active work and queue health.	internal/cli/data/list.go; internal/cli/data/show.go; internal/cli/data/ready.go; internal/cli/data/blocked.go; internal/cli/data/monitor.go; internal/backend/issuebackend.go; internal/backend/fleet/fleet.go	internal/cli/data/list_test.go; internal/cli/data/show_test.go; internal/cli/data/monitor_test.go	Automated coverage found; not run	None logged	P0	Recovered from the old data-read row; split out of broad backlog visibility.
LCLI-DV-002	Delivery Visibility	Kanban, list, and table delivery views	As an Engineering Manager, I want kanban, list, and table views to present the same backlog state, so I can scan delivery progress in the format that fits the review.	Views share issue data, status buckets, grouping, sorting, selection, and route state without dropping active filters or hiding ready, blocked, review, open, or closed work.	internal/webui/frontend/src/views/KanbanPage.tsx; internal/webui/frontend/src/views/ListPage.tsx; internal/webui/frontend/src/views/TablePage.tsx; internal/webui/frontend/src/components/SwimLaneBoard/SwimLaneBoard.tsx; internal/webui/frontend/src/components/table/IssueTable.tsx	test/fleetdb/ui/01-kanban.spec.ts; test/fleetdb/ui/02-table.spec.ts; internal/webui/frontend/src/views/__tests__/KanbanPage.test.tsx; internal/webui/frontend/src/views/__tests__/TablePage.test.tsx; internal/webui/frontend/src/components/table/IssueTable.test.tsx	Automated coverage found; not run; Needs coverage	None logged	P0	List view still needs focused coverage.
LCLI-DV-003	Delivery Visibility	Workspace repository scope visibility	As an Engineering Manager, I want delivery views scoped by workspace repository and saved context, so I can compare progress across repos without losing navigation state.	Workspace tree and repo filters load registered repos, filter issues by repo/path, preserve selected context, and keep route/query state stable across views.	internal/webui/frontend/src/components/WorkspaceTree/WorkspaceTree.tsx; internal/webui/frontend/src/hooks/workspace/useWorkspaceTree.ts; internal/webui/frontend/src/hooks/workspace/useWorkspaceContext.tsx; internal/webui/frontend/src/hooks/workspace/PerWorkspacePrefsProvider.tsx; internal/webui/frontend/src/hooks/workspace/useRepoFilterParam.ts	internal/webui/frontend/src/components/WorkspaceTree/__tests__/WorkspaceTree.test.tsx; internal/webui/frontend/src/hooks/workspace/__tests__/useWorkspaceTree.test.ts; internal/webui/frontend/src/hooks/workspace/__tests__/useWorkspaceContext.test.tsx; internal/webui/frontend/src/hooks/workspace/__tests__/useRepoFilter.test.ts; internal/webui/frontend/src/hooks/workspace/__tests__/useRepoFilterParam.test.ts	Automated coverage found; not run; Manual pending	None logged	P1	Manual usability pass should verify large multi-repo workspaces remain scannable.
LCLI-DV-004	Delivery Visibility	Search, filters, grouping, and shareable views	As a Staff / Tech Lead, I want search, filters, grouping, and repo scope to round-trip through URLs, so I can share focused delivery views with other leads.	Search text, labels, priority/type filters, repo selection, grouping, and blocked visibility sync through URL/query state and backend search filters where supported.	internal/webui/frontend/src/components/FilterBar/FilterBar.tsx; internal/webui/frontend/src/components/MoreFiltersMenu/MoreFiltersMenu.tsx; internal/webui/frontend/src/hooks/issues/useFilterState.ts; internal/webui/frontend/src/hooks/issues/useIssueFilter.ts; internal/webui/frontend/src/hooks/workspace/useRepoFilterParam.ts; internal/webui/handlers/issues/search.go; internal/webui/handlers/issues/parse.go	test/fleetdb/ui/13-search.spec.ts; internal/webui/frontend/src/components/FilterBar/__tests__/FilterBar.test.tsx; internal/webui/frontend/src/hooks/issues/__tests__/useFilterState.test.ts; internal/webui/frontend/src/hooks/issues/__tests__/useIssueFilter.test.ts; internal/webui/frontend/src/hooks/workspace/__tests__/useRepoFilterParam.test.ts; internal/webui/handlers/issues/search_test.go	Automated coverage found; not run	None logged	P1	Validate deep-link compatibility when adding new filters.
LCLI-DV-005	Delivery Visibility	Blocker graph visibility	As a Staff / Tech Lead, I want blocked work visualized as a dependency graph, so I can decide which blockers are constraining delivery.	Graph and blocked-summary surfaces render dependency relationships, blocked issue chains, ready highlighting, and dense blocker states without requiring manual issue-by-issue inspection.	internal/webui/frontend/src/components/GraphView/GraphView.tsx; internal/webui/frontend/src/components/BlockedSummary/BlockedSummary.tsx; internal/webui/frontend/src/hooks/issues/useBlockedChain.ts; internal/webui/frontend/src/hooks/issues/useBlockedIssues.ts; internal/webui/handlers/issues/deps.go	test/fleetdb/ui/03-graph.spec.ts; test/fleetdb/ui/08-dependencies.spec.ts; internal/webui/frontend/src/components/GraphView/__tests__/GraphView.test.tsx; internal/webui/frontend/src/components/BlockedSummary/__tests__/BlockedSummary.test.tsx; internal/webui/handlers/issues/deps_test.go	Automated coverage found; not run; Manual pending	None logged	P0	Split visibility from dependency editing.
LCLI-DV-006	Delivery Visibility	Realtime delivery updates and stale-state recovery	As an Engineering Manager, I want delivery views to update when agents or teammates change issues, so decisions are not based on stale queue state.	SSE subscriptions connect per workspace, reconnect with backoff, apply issue events idempotently, and surface connection errors or stale-state signals in the UI.	internal/webui/frontend/src/api/common/sse.ts; internal/webui/frontend/src/hooks/common/useEventProvider.tsx; internal/webui/server/realtime/handler.go; internal/webui/subscription/module.go	test/fleetdb/ui/09-sse-realtime.spec.ts; test/fleetdb/ui/10-sse-reconnect.spec.ts; internal/webui/frontend/src/api/common/__tests__/sse.test.ts; internal/webui/frontend/src/hooks/common/__tests__/useEventProvider.test.tsx; internal/webui/server/realtime/handler_test.go	Automated coverage found; not run; Manual pending	None logged	P0	Realtime freshness is a delivery risk surface, not just frontend plumbing.
LCLI-DV-007	Delivery Visibility	Agent and queue readiness status	As an Engineering Manager, I want agent, queue, and workspace-readiness status in one operational view, so I can tell whether work is actually able to move.	Workspace diagnostics, monitor, and agent detail surfaces report backend reachability, local runtime health, agent/worktree readiness, queue state, assigned work, stale data, and task-run retry or scheduling state.	internal/cli/workspace/ops_cmd.go; internal/ops/workspace.go; internal/cli/data/monitor.go; internal/webui/frontend/src/components/MonitorDashboard/MonitorDashboard.tsx; internal/webui/frontend/src/views/AgentsPage.tsx; internal/webui/frontend/src/components/AgentDetailPanel/AgentDetailPanel.tsx; internal/driver/task_scheduling.go	test/fleetdb/ui/04-monitor.spec.ts; test/fleetdb/ui/18-agents-fleetdb.spec.ts; internal/cli/workspace/ops_cmd_test.go; internal/cli/workspace/local_runtime_e2e_test.go; internal/cli/data/monitor_test.go; internal/webui/frontend/src/components/MonitorDashboard/__tests__/MonitorDashboard.test.tsx; internal/webui/frontend/src/components/AgentDetailPanel/AgentDetailPanel.test.tsx; internal/driver/task_worker_test.go	Automated coverage found; not run; Manual pending	None logged	P0	Live local-mode validation should follow .agent-skills/loom-pr-test/SKILL.md.
LCLI-DV-008	Delivery Visibility	Review readiness summary	As an Engineering Manager, I want review queues, comments, activity, sessions, and PR state tied to Loom issues, so I can see what is ready for acceptance and what evidence exists.	Review pages list Loom review issues and PR-linked work with GitHub enrichment when available; issue detail surfaces comments, lifecycle events, session history, transcripts, and diffs as handoff evidence.	internal/webui/frontend/src/views/PRsPage.tsx; internal/webui/frontend/src/views/PRReviewWorkspace.tsx; internal/webui/handlers/git/pull_requests.go; internal/webui/handlers/issues/comments.go; internal/webui/handlers/issues/events.go; internal/webui/handlers/issues/session_history.go; internal/webui/frontend/src/components/IssueDetailPanel/sessions/SessionHistorySection.tsx	internal/webui/frontend/src/views/__tests__/PRsPage.test.ts; internal/webui/frontend/src/views/__tests__/PRReviewWorkspace.test.tsx; internal/cli/git/pr_list_test.go; internal/webui/handlers/issues/comments_test.go; internal/webui/handlers/issues/events_test.go; internal/webui/handlers/issues/session_history_test.go; internal/webui/frontend/src/components/IssueDetailPanel/sessions/__tests__/SessionHistorySection.test.tsx; test/fleetdb/ui/07-comments.spec.ts	Automated coverage found; not run; Live account manual pending	None logged	P1	GitHub enrichment needs credentials for live validation.
LCLI-WP-001	Work Planning	Duplicate-safe work item intake	As a Staff / Tech Lead, I want to create issues with clear planning fields and duplicate protection, so new work enters the queue with enough context to assign.	Create flows validate required fields, support idempotency and soft-duplicate handling, and persist title, type, priority, labels, parent, repo, estimates, due dates, design notes, and acceptance criteria.	internal/cli/data/create.go; internal/cli/data/idempotency.go; internal/webui/handlers/issues/write_ops.go; internal/webui/frontend/src/components/CreateIssueModal/CreateIssueModal.tsx; internal/webui/frontend/src/hooks/issues/useInlineCreate.ts	internal/cli/data/create_test.go; internal/cli/data/idempotency_test.go; internal/webui/handlers/issues/write_test.go; internal/webui/frontend/src/components/CreateIssueModal/__tests__/CreateIssueModal.test.tsx; internal/webui/frontend/src/hooks/issues/__tests__/useInlineCreate.test.ts; test/fleetdb/ui/10-create-flow.spec.ts	Automated coverage found; not run	None logged	P0	Split out from broad intake/lifecycle row.
LCLI-WP-002	Work Planning	Planning metadata and lifecycle edits	As a Staff / Tech Lead, I want to edit planning metadata and lifecycle state from CLI or UI, so work stays accurate as scope changes.	Update and detail flows preserve optimistic update semantics, status transitions, close and reopen behavior, descriptions, design notes, acceptance criteria, labels, priority, and error recovery.	internal/cli/data/update.go; internal/cli/data/close.go; internal/webui/handlers/issues/write_ops.go; internal/webui/frontend/src/components/IssueDetailPanel/IssueDetailPanel.tsx; internal/webui/frontend/src/components/StatusDropdown/StatusDropdown.tsx; internal/webui/frontend/src/components/IssueDetailPanel/sections/DesignPanel.tsx	internal/cli/data/update_test.go; internal/webui/handlers/issues/write_test.go; internal/webui/frontend/src/components/IssueDetailPanel/__tests__/IssueDetailPanel.test.tsx; internal/webui/frontend/src/components/StatusDropdown/__tests__/StatusDropdown.test.tsx; internal/webui/frontend/src/components/IssueDetailPanel/sections/__tests__/DesignPanel.test.tsx; test/fleetdb/ui/11-update-flow.spec.ts; test/fleetdb/ui/12-close-reopen-flow.spec.ts	Automated coverage found; not run	None logged	P0	Keep lifecycle edits distinct from new issue intake.
LCLI-WP-003	Work Planning	Ownership, assignment, claim, and release decisions	As a Staff / Tech Lead, I want owner, assignee, claim, and release changes to be explicit, so accountability is visible before and during execution.	Assignment fields can be changed from CLI and issue detail; ready-to-in-progress movement can prompt for an assignee; claim and release preserve backend ownership semantics and conflict handling.	internal/cli/data/claim.go; internal/cli/data/update.go; internal/backend/fleet/claim_release.go; internal/webui/handlers/issues/write_ops.go; internal/webui/frontend/src/hooks/issues/useRecentAssignees.ts; internal/webui/frontend/src/hooks/issues/useRecentOwners.ts; internal/webui/frontend/src/components/IssueDetailPanel/fields/AssigneeDropdown.tsx; internal/webui/frontend/src/components/IssueDetailPanel/fields/OwnerDropdown.tsx	internal/cli/data/update_test.go; internal/backend/fleet/fleet_release_test.go; internal/webui/handlers/issues/write_test.go; internal/webui/frontend/src/hooks/issues/__tests__/useRecentAssignees.test.ts; internal/webui/frontend/src/hooks/issues/__tests__/useRecentOwners.test.ts; internal/webui/frontend/src/components/IssueDetailPanel/fields/__tests__/AssigneeDropdown.test.tsx; internal/webui/frontend/src/components/IssueDetailPanel/fields/__tests__/OwnerDropdown.test.tsx	Automated coverage found; not run	None logged	P0	Broader runtime controls belong under Agent Delegation.
LCLI-WP-004	Work Planning	Dependency sequencing and blocker edits	As a Staff / Tech Lead, I want to add, remove, and inspect dependency links during planning, so work can be sequenced before execution starts.	Dependency APIs and issue-detail controls create and remove links, prevent invalid dependency edits, refresh affected issue state, and make blocker relationships available to planning and graph views.	internal/webui/handlers/issues/deps.go; internal/webui/frontend/src/components/IssueDetailPanel/sections/DependencySection.tsx; internal/webui/frontend/src/components/IssueDetailPanel/sections/DependencySearchPicker.tsx; internal/webui/frontend/src/components/GraphView/GraphView.tsx; internal/cli/data/update.go	test/fleetdb/ui/08-dependencies.spec.ts; test/fleetdb/ui/03-graph.spec.ts; internal/webui/handlers/issues/deps_test.go; internal/webui/frontend/src/components/IssueDetailPanel/sections/__tests__/DependencySection.test.tsx; internal/webui/frontend/src/components/IssueDetailPanel/sections/__tests__/DependencySearchPicker.test.tsx; internal/webui/frontend/src/components/GraphView/__tests__/GraphView.test.tsx; internal/cli/data/update_test.go	Automated coverage found; not run	None logged	P0	Split planning edits from blocker visibility.
LCLI-WP-005	Work Planning	Epic rollup and child-work decomposition	As a Staff / Tech Lead, I want epic rollups and child-work payloads to preserve planning context, so large initiatives can be decomposed before agents execute them.	Epic detail surfaces show child status, ownership, dependencies, and progress; lead-run payloads carry parent, repo, design, and assignment context without starting duplicate runtime work.	internal/epicrunner/assignment_context.go; internal/webui/frontend/src/components/IssueDetailPanel/sections/EpicRollup.tsx; internal/webui/frontend/src/utils/epicRunnerPayload.ts; internal/webui/frontend/src/views/AgentsPage.tsx; docs/product/lead-agent-epic-runner-spec.md	internal/epicrunner/assignment_context_test.go; internal/webui/frontend/src/components/IssueDetailPanel/sections/__tests__/EpicRollup.test.tsx; internal/webui/frontend/src/utils/__tests__/epicRunnerPayload.test.ts; internal/webui/frontend/src/views/__tests__/AgentsPage.test.tsx	Automated coverage found; not run; Manual pending	None logged	P0	Runtime lead execution is mapped under Agent Delegation and Automation & Workflows.
LCLI-WP-006	Work Planning	Design notes and acceptance criteria	As a Staff / Tech Lead, I want design notes and acceptance criteria captured on planned work, so implementation and review teams agree on scope before execution.	Issue detail and create/update flows preserve design panels, markdown descriptions, acceptance notes, and editable planning context through API writes and UI rendering.	internal/webui/frontend/src/components/IssueDetailPanel/sections/DesignPanel.tsx; internal/webui/frontend/src/components/IssueDetailPanel/sections/EditableDescription.tsx; internal/webui/frontend/src/components/IssueDetailPanel/sections/MarkdownRenderer.tsx; internal/webui/handlers/issues/write_ops.go	internal/webui/frontend/src/components/IssueDetailPanel/sections/__tests__/DesignPanel.test.tsx; internal/webui/frontend/src/components/IssueDetailPanel/sections/__tests__/EditableDescription.test.tsx; internal/webui/frontend/src/components/IssueDetailPanel/sections/__tests__/MarkdownRenderer.test.tsx; internal/webui/handlers/issues/write_test.go	Automated coverage found; not run	None logged	P1	Split from general metadata editing because it drives implementation/review quality.
LCLI-AD-001	Agent Delegation	Agent role policy routing	As a Staff / Tech Lead, I want role policies to constrain backend, model, task filters, skills, repo affinity, and safety limits, so delegated work reaches the right kind of agent.	Routing resolves role constraints, backend overrides, task filters, skills, repo affinity, read-only/tool limits, and backend availability warnings before work is assigned.	internal/cli/role/role_cmd.go; internal/cli/task_router.go; internal/cli/backends/backend_cmd.go; internal/cli/agentdef/agentdef_cmd.go; docs/testing/e2e-cli.md	internal/cli/task_router_test.go; internal/cli/backends/backend_cmd_test.go; internal/cli/backends/backend_codex_test.go; internal/cli/backends/backend_claude_test.go; docs/testing/e2e-cli.md	Automated coverage found; not run; Needs coverage	Open: README role examples use obsolete role set/unset flag syntax	P0	Direct role CRUD unit coverage was not found.
LCLI-AD-002	Agent Delegation	Agent definition authoring and desired state	As a Staff / Tech Lead, I want to define named agents with role, backend, repo, mode, concurrency, budget, autostart, and desired-state fields, so delegation targets are explicit before work starts.	Agent definition commands add, list, show, remove, start, and stop agent assignments; persisted records retain routing fields and desired state; invalid or unavailable backend choices fail with clear warnings.	internal/cli/agentdef/agentdef_cmd.go; internal/store/agent_store.go; internal/store/control_plane_store.go; internal/domain/agent.go	None found	Needs coverage	Open: README agentdef examples mention unsupported update command	P0	Direct agentdef command unit coverage was not found.
LCLI-AD-003	Agent Delegation	Pinned task starts and worktree preparation	As a Staff / Tech Lead, I want pinned agent starts to prepare the right local worktree and queue the intended task, so an agent begins the exact delegated work.	Agent start flows create local worktrees when workspace-local repo paths are known, persist parent or pinned-task context, enqueue control-plane starts when available, and preserve backend availability warnings.	internal/cli/agentdef/agentdef_cmd.go; internal/localworkspace/localworkspace.go; internal/cli/daemon/daemon_reconciler.go; internal/store/control_plane_store.go	internal/localworkspace/localworkspace_test.go; internal/cli/daemon/daemon_lifecycle_test.go; test/local-mode/verify-agent-routing.py	Automated coverage found; not run; Manual pending	None logged	P0	Real pickup proof still needs local-mode runtime evidence.
LCLI-AD-004	Agent Delegation	Agent lifecycle controls and live work panels	As a Staff / Tech Lead, I want to start, stop, yield, restart, and inspect agents, so delegated work can be controlled without guessing runtime state.	CLI, API, and UI control paths list agents, update desired state, issue daemon lifecycle commands, broadcast refresh events, show current task/worktree/session links, and surface daemon conflict or unavailable errors.	internal/cli/daemon/daemon_cmd.go; internal/webui/handlers/agents/handlers.go; internal/webui/handlers/agentcontrol/handlers.go; internal/webui/frontend/src/views/AgentsPage.tsx; internal/webui/frontend/src/components/AgentDetailPanel/AgentDetailPanel.tsx; internal/webui/frontend/src/components/AgentWorkPanel/AgentWorkPanel.tsx	internal/cli/daemon/daemon_cmd_test.go; internal/cli/daemon/supervisor/lifecycle_test.go; internal/webui/handlers/agents/handlers_test.go; internal/webui/handlers/agentcontrol/handlers_test.go; internal/webui/frontend/src/views/__tests__/AgentsPage.test.tsx; internal/webui/frontend/src/components/AgentDetailPanel/AgentDetailPanel.test.tsx; internal/webui/frontend/src/components/AgentWorkPanel/__tests__/AgentWorkPanel.test.tsx; test/fleetdb/ui/18-agents-fleetdb.spec.ts	Automated coverage found; not run	None logged	P0	Real lifecycle proof should use .agent-skills/loom-pr-test/SKILL.md.
LCLI-AD-005	Agent Delegation	Server-side agent control from CLI	As a Staff / Tech Lead, I want CLI controls for server-reported agents, so I can start, stop, restart, or yield work from the configured Loom server.	`loom data agents` lists server agents; `loom data agent` posts lifecycle actions with force-stop bodies and clear daemon, HTTP, and error-envelope failures.	internal/cli/data/agents.go; internal/cli/data/agentctl.go; internal/webui/handlers/agentcontrol/handlers.go; internal/webui/handlers/agents/handlers.go	internal/cli/data/agentctl_test.go; internal/webui/handlers/agentcontrol/handlers_test.go; internal/webui/handlers/agents/handlers_test.go	Automated coverage found; not run	None logged	P1	Separated from browser lifecycle panels.
LCLI-AD-006	Agent Delegation	Delegation queue, drain, and daemon logs	As a Staff / Tech Lead, I want daemon queue previews, drain controls, and bounded agent logs, so I can intervene when delegated work stalls.	Daemon commands show queue state, lifecycle status, logs, drain or yield behavior, stuck-agent handling, and graceful shutdown or diagnostic paths without hiding runtime failures.	internal/cli/daemon/daemon_cmd.go; internal/cli/daemon/daemon_logs_cmd.go; internal/cli/daemon/daemon_queue.go; internal/cli/daemon/supervisor/supervisor.go	internal/cli/daemon/daemon_cmd_test.go; internal/cli/daemon/daemon_logs_cmd_test.go; internal/cli/daemon/daemon_queue_test.go; internal/cli/daemon/supervisor/lifecycle_test.go	Automated coverage found; not run	None logged	P0	Split from broad daemon operations.
LCLI-AD-007	Agent Delegation	Task agent execution and completion	As a Developer, I want Loom task agents to claim work, build prompts, run backend CLIs, and complete or release tasks, so delegated implementation can finish cleanly.	Agent execution claims eligible work, builds task prompts with issue context, invokes configured backend CLIs, emits session events, handles completion, and releases or recovers ownership on failure.	internal/cli/agent/agent_cmd.go; internal/cli/agent/task.go; internal/cli/agent/claim.go; internal/cli/agent/complete.go; internal/cli/agent/prompts.go; internal/cli/agent/prompts/task.md; internal/cli/agent/prompts/fleet_task.md	internal/cli/agent/agent_cmd_test.go; internal/cli/agent/task_test.go; internal/cli/agent/claim_test.go; internal/cli/agent/complete_test.go; internal/cli/agent/prompts_test.go; internal/cli/agent/prompts_resume_test.go	Automated coverage found; not run	None logged	P0	Real agent execution evidence should follow .agent-skills/loom-pr-test/SKILL.md.
LCLI-AD-008	Agent Delegation	Automode polling and recovery	As a Developer, I want automode to poll for work and recover interrupted sessions, so assigned implementation can continue without manual babysitting.	Automode loops poll eligible work, respect yield and recovery state, resume daemon-backed sessions when possible, and avoid leaving claimed tasks stranded after interruption.	internal/cli/automode/automode.go; internal/cli/agent/recover.go; internal/cli/agent/daemon_resume.go; internal/cli/agent/task.go	internal/cli/automode/automode_test.go; internal/cli/agent/recover_test.go; internal/cli/agent/daemon_resume_test.go; internal/cli/agent/task_test.go	Automated coverage found; not run	None logged	P0	Split from generic agent runtime behavior.
LCLI-AD-009	Agent Delegation	Lead CLI planning and delegation sessions	As a Staff / Tech Lead, I want lead sessions to plan, decompose, and delegate issue work, so epics move from planning into executable child tasks.	Lead commands load planning context, produce decomposition prompts, preserve parent-epic scope, and hand off to epic runner or child-task execution without starting duplicate work.	internal/cli/agent/lead/lead.go; internal/cli/agent/plan.go; internal/epicrunner/start.go; internal/cli/agent/prompts/planning.md; internal/cli/agent/prompts/fleet_planning.md; internal/cli/agent/prompts/lead.md; docs/product/lead-agent-epic-runner-spec.md	internal/cli/agent/lead/lead_test.go; internal/cli/agent/plan_test.go; internal/epicrunner/start_test.go; internal/cli/agent/prompts_test.go; scripts/test-real-flue-epic-runner.sh	Automated coverage found; not run; Manual pending	None logged	P0	Split lead CLI behavior from workflow orchestration.
LCLI-AD-010	Agent Delegation	Lead epic delegation and worker orchestration	As a Staff / Tech Lead, I want a lead agent to own one epic, spawn child task attempts, and track completion, so larger initiatives can move through delegated agents.	Lead assignment prevents conflicting epic ownership, epic runner claims ready children, enqueues task runs up to concurrency, watches completion, records blocked or review outcomes, and keeps the agent work panel scoped to the epic.	internal/workflows/builtin/epic-runner.ts; internal/epicrunner/start.go; internal/webui/frontend/src/components/AgentWorkPanel/AgentWorkPanel.tsx; internal/cli/driver/epic_cmd.go; docs/product/lead-agent-epic-runner-spec.md	internal/workflows/builtin/epic-runner.test.mjs; internal/epicrunner/start_test.go; internal/workflows/epic_runner_blocked_test.go; internal/webui/frontend/src/components/AgentWorkPanel/__tests__/AgentWorkPanel.test.tsx; scripts/test-real-flue-epic-runner.sh; scripts/test-epic-runner-runtime-matrix.sh	Automated coverage found; not run; Manual pending	None logged	P0	Runtime scripts were not executed; avoid duplicate epic runs when backend assignment already exists.
LCLI-AD-011	Agent Delegation	Runner placement, scheduling, and retry	As a Staff / Tech Lead, I want delegated tasks scheduled to eligible local or remote runners, so work progresses reliably and unschedulable work fails clearly.	Task-run requests fail fast when no eligible node exists, workers claim runs, retries/backoff/stale sweeps preserve queue state, and local or Daytona runners report status, logs, patches, and terminal failures.	internal/driver/task_scheduling.go; internal/driver/task_worker.go; internal/driver/task_retry.go; internal/driver/stale_task_sweeper.go; internal/workflows/builtin/local-task-runner.ts; internal/workflows/builtin/daytona-task-runner.ts; test/local-mode/verify-local-mode.sh	internal/driver/task_worker_test.go; internal/driver/task_retry_test.go; internal/driver/stale_task_sweeper_test.go; internal/workflows/builtin/local-task-runner.test.mjs; internal/workflows/builtin/daytona-task-runner.test.mjs; make local-mode-verify; make local-mode-codex-verify	Automated coverage found; not run; Manual pending	None logged	P0	Live runner verification was not run.
LCLI-AD-012	Agent Delegation	Local and Daytona runner execution	As a Staff / Tech Lead, I want local and Daytona runners to execute delegated tasks in the right environment, so work can run on either local or remote capacity.	Runners prepare worktrees, inject scoped env, start approved CLIs, stream output, report lifecycle state, and surface terminal runner failures back to Loom.	internal/workflows/builtin/local-task-runner.ts; internal/workflows/builtin/daytona-task-runner.ts; internal/driver/bundled_runner.go; internal/driver/task_worktree_resolver.go; test/local-mode/verify-local-mode.sh	internal/workflows/builtin/local-task-runner.test.mjs; internal/workflows/builtin/daytona-task-runner.test.mjs; internal/driver/bundled_runner_test.go; internal/driver/task_worktree_resolver_test.go; make local-mode-verify; make local-mode-codex-verify	Automated coverage found; not run; Manual pending	None logged	P0	Split runner execution from scheduling.
LCLI-AD-013	Agent Delegation	Remote worker capacity and service routing	As a Platform Engineer, I want worker profiles and services to expose capacity and placement metadata, so delegated task runs route to eligible executors.	Worker commands and APIs manage worker profiles, service desired state, role/backend/repo capabilities, remote registration, lock-state updates, event forwarding, and log forwarding.	internal/cli/serve/worker/worker_cmd.go; internal/cli/serve/worker/profile_cmd.go; internal/cli/serve/worker/service_cmd.go; internal/store/platform_store.go; internal/webui/handlers/misc/worker_api.go	internal/cli/serve/worker/worker_cmd_test.go; internal/cli/serve/worker/profile_cmd_test.go; internal/cli/serve/worker/service_cmd_test.go; internal/webui/handlers/misc/worker_api_test.go	Automated coverage found; not run	None logged	P1	Setup details are also covered under Platform Setup.
LCLI-AD-014	Agent Delegation	FleetDB-backed logical-agent ownership leases	As a Staff / Tech Lead, I want logical agent ownership fenced by FleetDB leases, so only the active owner can execute or report delegated work.	Ownership flows acquire and verify FleetDB-backed logical-agent leases, merge control-plane state, fence stale owners, and keep daemon or worker takeover behavior explicit.	internal/store/control_plane_store.go; internal/infra/fleetdb/control_plane.go; internal/cli/daemon/supervisor/ownership.go; internal/cli/daemon/supervisor/control_plane.go; internal/domain/agent.go	internal/cli/daemon/supervisor/ownership_verify_test.go; internal/cli/daemon/supervisor/ownership_test.go; internal/cli/daemon/supervisor/control_plane_test.go	Automated coverage found; not run	None logged	P0	Doc-backed by daemon runtime architecture; split from generic lifecycle controls.
LCLI-AD-015	Agent Delegation	Issue-detail agent start actions	As a Staff / Tech Lead, I want Start Work and Review with Agent actions on an issue, so I can delegate the selected task without leaving the planning context.	Issue-detail actions choose an eligible agent, preserve task or review context, call the agent-control API, surface unavailable daemon errors, and avoid silently auto-starting unrelated work.	internal/webui/frontend/src/components/IssueDetailPanel/actions/StartWorkButton.tsx; internal/webui/frontend/src/components/IssueDetailPanel/IssueDetailPanel.tsx; internal/webui/frontend/src/api/agents/agents.ts; internal/webui/handlers/agentcontrol/handlers.go; internal/cli/daemon/daemon_control.go	internal/webui/frontend/src/components/IssueDetailPanel/actions/__tests__/StartWorkButton.test.tsx; internal/webui/frontend/src/components/IssueDetailPanel/__tests__/IssueDetailPanel.test.tsx; internal/webui/handlers/agentcontrol/handlers_test.go; internal/cli/daemon/daemon_control_test.go	Automated coverage found; not run	None logged	P0	Doc-backed by local-mode and agent-run UX specs; split from broad agent lifecycle panels.
LCLI-IW-001	Implementation Workspace	Work queue discovery and task context	As a Developer, I want read-only ready, blocked, review, and monitor views, so I can choose the right assigned or available work before mutating it.	Data read commands apply status, type, parent, repo, assignee, and output-format filters while preserving issue state; monitor views expose enough context to pick work safely.	internal/cli/data/list.go; internal/cli/data/show.go; internal/cli/data/monitor.go; internal/backend/issuebackend.go; internal/backend/fleet/fleet.go	internal/cli/data/list_test.go; internal/cli/data/show_test.go; internal/cli/data/monitor_test.go	Automated coverage found; not run	None logged	P0	Developer-facing counterpart to delivery queue visibility.
LCLI-IW-002	Implementation Workspace	Task claim, block, release, and close lifecycle	As a Developer, I want claim, update, block, release, close, and reopen operations to preserve backend ownership semantics, so my implementation state stays accurate.	Write commands and issue APIs enforce backend contracts, optimistic updates, assignee transitions, useful blocked reasons, close reasons, and FleetDB claim/release parity.	internal/cli/data/claim.go; internal/cli/data/update.go; internal/cli/data/close.go; internal/backend/fleet/claim_release.go; internal/backend/fleet/fleet_mutations.go; internal/webui/handlers/issues/write_ops.go	internal/cli/data/create_test.go; internal/cli/data/update_test.go; internal/cli/data/idempotency_test.go; internal/cli/data/local_backend_test.go; internal/backend/fleet/fleet_release_test.go; internal/webui/handlers/issues/write_test.go	Automated coverage found; not run	None logged	P0	Split mutation lifecycle from task context.
LCLI-IW-003	Implementation Workspace	Workspace tree, repo, and epic navigation	As a Developer, I want a workspace tree for repositories, queues, epics, and task groupings, so I can narrow implementation context quickly.	Tree state loads workspace repositories, repo groups, active/all toggles, work queues, epic task trees, orphan tasks, and selected workspace context without losing filters across navigation.	internal/webui/frontend/src/components/WorkspaceTree/WorkspaceTree.tsx; internal/webui/frontend/src/components/WorkspaceTree/nav/WorkQueueSection.tsx; internal/webui/frontend/src/components/WorkspaceTree/tree/EpicTaskTree.tsx; internal/webui/frontend/src/hooks/workspace/useWorkspaceTree.ts; internal/webui/frontend/src/hooks/workspace/useWorkspaceContext.tsx	internal/webui/frontend/src/components/WorkspaceTree/__tests__/WorkspaceTree.test.tsx; internal/webui/frontend/src/components/WorkspaceTree/nav/__tests__/WorkQueueSection.test.tsx; internal/webui/frontend/src/components/WorkspaceTree/tree/__tests__/EpicTaskTree.test.tsx; internal/webui/frontend/src/hooks/workspace/__tests__/useWorkspaceTree.test.ts; internal/webui/frontend/src/hooks/workspace/__tests__/useWorkspaceContext.test.tsx	Automated coverage found; not run	None logged	P1	Split from repository visibility because this is implementation navigation.
LCLI-IW-004	Implementation Workspace	Realtime task freshness and reconnect	As a Developer, I want workspace views to update when other agents change issues, so I do not implement from stale task state.	SSE subscriptions are scoped per workspace, reconnect with backoff, apply issue events idempotently, and surface connection errors in board, detail, and workspace-tree consumers.	internal/webui/frontend/src/api/common/sse.ts; internal/webui/frontend/src/hooks/common/useEventProvider.tsx; internal/webui/server/realtime/handler.go; internal/webui/subscription/module.go	test/fleetdb/ui/09-sse-realtime.spec.ts; test/fleetdb/ui/10-sse-reconnect.spec.ts; internal/webui/frontend/src/api/common/__tests__/sse.test.ts; internal/webui/frontend/src/hooks/common/__tests__/useEventProvider.test.tsx; internal/webui/server/realtime/handler_test.go	Automated coverage found; not run	None logged	P0	Developer-facing task freshness surface.
LCLI-IW-005	Implementation Workspace	Terminal tab metadata and reconnect	As a Developer, I want terminal tabs to attach, restore, and reconnect to live or historical sessions, so shell and agent work remains usable after navigation or disconnects.	Terminal routes issue tokens, persist tab metadata, open WebSocket PTYs, restore agent terminals when allowed, reconnect closed transports, and expose setup/state endpoints.	internal/webui/handlers/terminal/module.go; internal/webui/handlers/terminal/tab_module.go; internal/webui/handlers/terminal/terminal.go; internal/webui/terminal/pty_manager.go; internal/webui/frontend/src/components/TerminalView/TerminalView.tsx; internal/webui/frontend/src/components/TerminalView/tabs/TerminalTabBar.tsx	test/fleetdb/ui/16-terminal-fleetdb.spec.ts; internal/webui/handlers/terminal/module_test.go; internal/webui/terminal/pty_manager_test.go; internal/webui/frontend/src/components/TerminalView/__tests__/TerminalView.test.tsx; internal/webui/frontend/src/components/TerminalView/tabs/__tests__/TerminalTabBar.test.tsx; internal/webui/frontend/tests/e2e/terminal-disconnect-reconnect.spec.ts	Automated coverage found; not run; Manual pending	None logged	P0	Real PTY/browser validation was not run.
LCLI-IW-006	Implementation Workspace	Terminal split panes, backend prompts, and notes	As a Developer, I want terminal layout controls, backend prompts, and notes to stay workspace-scoped, so local implementation sessions are organized and recoverable.	Terminal UI supports split panes, session naming, backend selection, no-backend empty states, notes, help controls, tab ordering, unread state, and stable per-workspace tab groups.	internal/webui/frontend/src/components/TerminalView/layout/useSplitView.ts; internal/webui/frontend/src/components/TerminalView/layout/NewTerminalTabMenu.tsx; internal/webui/frontend/src/components/TerminalView/layout/BackendPickerPrompt.tsx; internal/webui/frontend/src/components/TerminalView/controls/NotesBar.tsx; internal/webui/frontend/src/components/TerminalView/tabs/useWorkspaceTabState.ts	internal/webui/frontend/src/components/TerminalView/layout/__tests__/useSplitView.test.ts; internal/webui/frontend/src/components/TerminalView/layout/__tests__/NewTerminalTabMenu.test.tsx; internal/webui/frontend/src/components/TerminalView/layout/__tests__/BackendPickerPrompt.test.tsx; internal/webui/frontend/src/components/TerminalView/controls/__tests__/NotesBar.test.tsx; internal/webui/frontend/src/components/TerminalView/tabs/__tests__/useWorkspaceTabState.test.tsx	Automated coverage found; not run	None logged	P1	Split detailed terminal workspace UX from PTY reconnect.
LCLI-IW-007	Implementation Workspace	Files and open-in-editor	As a Developer, I want to browse workspace files and open or edit permitted files, so I can inspect implementation context without leaving Loom.	File APIs list trees, read file contents, save permitted edits, and launch configured editors while blocking traversal and paths outside the workspace.	internal/webui/handlers/misc/files.go; internal/webui/handlers/misc/editors.go; internal/webui/frontend/src/components/FileExplorer/FileExplorer.tsx; internal/webui/frontend/src/components/FileEditorPanel/FileEditorPanel.tsx	internal/webui/handlers/misc/files_test.go; internal/webui/handlers/misc/editors_test.go; internal/webui/frontend/src/components/FileExplorer/__tests__/FileExplorer.test.tsx; internal/webui/frontend/src/components/FileEditorPanel/__tests__/FileEditorPanel.test.tsx	Automated coverage found; not run	None logged	P1	Path traversal cases should stay security-reviewed.
LCLI-IW-008	Implementation Workspace	Git sync and conflict recovery	As a Developer, I want push, pull, and sync flows to report conflicts clearly, so my implementation branch can reach the remote without overwriting others.	Git commands and APIs report status, handle pull/rebase/push/sync flows, surface conflicts and credential errors, and keep issue/worktree context attached.	internal/cli/git/sync.go; internal/cli/git/pull.go; internal/cli/git/push.go; internal/ops/gitops.go; internal/webui/handlers/git/git.go	internal/cli/git/sync_test.go; internal/cli/git/pull_test.go; internal/cli/git/push_test.go; internal/webui/handlers/git/git_test.go	Automated coverage found; not run	None logged	P0	Manual conflict-path validation remains important before release.
LCLI-IW-009	Implementation Workspace	Destructive reset safeguards	As a Developer, I want reset actions to make destructive scope explicit, so I do not lose unrelated workspace or agent changes.	Reset surfaces require explicit targets or force where appropriate, respect active-agent locks and protected branches, and avoid deleting unrelated workspace state.	internal/cli/git/reset.go; internal/ops/gitops.go; internal/webui/handlers/git/git.go	internal/cli/git/reset_test.go; internal/webui/handlers/git/git_test.go	Automated coverage found; not run	None logged	P0	Destructive-path review should be repeated when reset UX changes.
LCLI-IW-010	Implementation Workspace	Agent branch diff and changed-file review	As a Developer, I want agent branch status, changed files, and patch diffs in the workspace, so I can inspect implementation output before PR handoff.	UI git routes show branch status, ahead/behind counts, target branch changes, diff file lists, patches, conflict states, and push/pull/sync/PR/reset actions for the selected agent/workspace.	internal/webui/handlers/git/git.go; internal/webui/handlers/git/diff.go; internal/webui/frontend/src/components/AgentDetailPanel/GitTab.tsx; internal/webui/frontend/src/components/AgentDetailPanel/DiffTab.tsx; internal/webui/frontend/src/components/AgentDetailPanel/DiffFileViewer.tsx	test/fleetdb/ui/17-files-diff-fleetdb.spec.ts; internal/webui/handlers/git/diff_test.go; internal/webui/frontend/src/components/AgentDetailPanel/GitTab.test.tsx; internal/webui/frontend/src/components/AgentDetailPanel/DiffTab.test.tsx; internal/webui/frontend/src/components/AgentDetailPanel/__tests__/DiffFileViewer.test.tsx	Automated coverage found; not run	None logged	P0	Split visual diff review from git synchronization.
LCLI-IW-011	Implementation Workspace	Session history and transcript browsing	As a Developer, I want issue-linked session history, transcripts, and diffs, so I can understand what happened during an implementation run.	Session APIs list runs, expose transcript chunks, show diff summaries, preserve workspace and issue linkage, and render session timelines/details without fabricated evidence.	internal/webui/handlers/issues/session_history.go; internal/webui/handlers/issues/session_module.go; internal/sessions/store.go; internal/webui/frontend/src/components/IssueDetailPanel/sessions/SessionHistorySection.tsx; internal/webui/frontend/src/components/IssueDetailPanel/sessions/SessionDetailView.tsx	internal/webui/handlers/issues/session_history_test.go; internal/webui/handlers/issues/session_module_test.go; internal/sessions/store_test.go; internal/webui/frontend/src/components/IssueDetailPanel/sessions/__tests__/SessionHistorySection.test.tsx; internal/webui/frontend/src/components/IssueDetailPanel/sessions/__tests__/SessionDetailView.test.tsx	Automated coverage found; not run	None logged	P0	AGENTS.md forbids fabricated evidence.
LCLI-IW-012	Implementation Workspace	Task-run artifacts and patchbacks	As a Developer, I want task-run logs, artifacts, patches, and test or push evidence attached to my task, so I can verify agent output after execution.	Runners stream logs, persist artifacts, record patchbacks and diffs from real sessions, attach them to issue history, and reject fabricated local evidence as product proof.	internal/driver/task_bridge_artifacts.go; internal/driver/task_bridge_session.go; internal/webui/handlers/taskrunapi/artifacts.go; internal/sessions/transcript_usage.go; .agent-skills/loom-pr-test/SKILL.md	internal/driver/task_bridge_test.go; internal/driver/patchback_test.go; internal/webui/handlers/taskrunapi/runner_e2e_test.go; internal/sessions/transcript_usage_test.go; test/local-mode/verify-local-mode.sh	Automated coverage found; not run; Manual pending	None logged	P0	Runbook requires real sessions, transcripts, and diffs; not executed in this mapping.
LCLI-IW-013	Implementation Workspace	Task comments and lifecycle activity	As a Developer, I want comments and lifecycle events on my task, so implementation handoffs preserve context and decisions.	Comments can be added, listed, and rendered with author and time metadata; issue events record lifecycle changes in order and remain visible from task detail.	internal/webui/handlers/issues/comments.go; internal/webui/handlers/issues/events.go; internal/webui/frontend/src/components/IssueDetailPanel/sections/ActivityLog.tsx; internal/webui/frontend/src/components/IssueDetailPanel/sections/CommentForm.tsx	test/fleetdb/ui/07-comments.spec.ts; internal/webui/handlers/issues/comments_test.go; internal/webui/handlers/issues/events_test.go; internal/webui/frontend/src/components/IssueDetailPanel/sections/__tests__/ActivityLog.test.tsx; internal/webui/frontend/src/components/IssueDetailPanel/sections/__tests__/CommentForm.test.tsx	Automated coverage found; not run	None logged	P1	Implementation handoff context is distinct from review acceptance context.
LCLI-IW-014	Implementation Workspace	Task-card agent and run indicators	As a Developer, I want task cards to show agent and run state, so I can tell whether work is active, stale, failed, or ready for me to pick up.	Task cards render assigned or active agent identity, lifecycle badge, latest run summary, stale/offline/failure states, and compact recovery context without requiring issue-detail drilldown.	internal/webui/frontend/src/components/IssueCard/cardAgentView.ts; internal/webui/frontend/src/components/IssueCard/AgentRow.tsx; internal/webui/frontend/src/components/IssueCard/IssueCard.tsx	internal/webui/frontend/src/components/IssueCard/__tests__/cardAgentView.test.ts; internal/webui/frontend/src/components/IssueCard/__tests__/AgentRow.test.tsx; internal/webui/frontend/src/components/IssueCard/__tests__/IssueCard.agentRow.test.tsx	Automated coverage found; not run	None logged	P0	Doc-backed by agent-run UX task-card indicators.
LCLI-IW-015	Implementation Workspace	Agent-run preflight and recovery UX	As a Developer, I want preflight and runtime failures classified with recovery actions, so I can fix missing tools, auth, worktrees, gates, or stale runners without guessing.	Preflight checks fail before model invocation when possible; runtime errors carry stable classes, command/output excerpts, stale-run signals, partial artifacts, and permission-aware retry or repair actions.	internal/runtimepreflight/preflight.go; internal/webui/handlers/workflows/preflight.go; internal/cli/backendcheck/backendcheck.go; internal/agenterr/classify.go; internal/cli/daemon/supervisor/backend.go; internal/cli/daemon/supervisor/classify.go; internal/webui/frontend/src/components/IssueDetailPanel/sessions/SessionDetailView.tsx	internal/runtimepreflight/preflight_test.go; internal/webui/handlers/workflows/preflight_test.go; internal/cli/backendcheck/backendcheck_test.go; internal/agenterr/classify_test.go; internal/cli/daemon/supervisor/backend_unavailable_test.go; internal/cli/daemon/supervisor/spawn_failure_restart_test.go; internal/webui/frontend/src/components/IssueDetailPanel/sessions/__tests__/SessionDetailView.test.tsx	Automated coverage found; not run; Needs coverage	None logged	P0	Recovery action UI appears partial; mapped from failure-modes recovery doc.
LCLI-IW-016	Implementation Workspace	Completed ephemeral worker history	As a Developer, I want completed ephemeral workers and cleanup-safe run history preserved, so short-lived task attempts remain inspectable after agents stop.	Ephemeral worker entries appear in agent rails or detail surfaces, preserve session and artifact links, distinguish cleanup-safe metadata from live workers, and avoid hiding completed task attempts.	internal/webui/frontend/src/components/AgentIconRail/AgentIconRail.tsx; internal/webui/frontend/src/components/AgentDetailMain/AgentDetailMain.tsx; internal/webui/frontend/src/components/AgentWorkPanel/AgentWorkPanel.tsx; internal/cli/daemon/daemon_control.go; internal/cli/daemon/supervisor/supervisor.go; internal/webui/svcimpl/session_service.go	internal/webui/frontend/src/components/AgentIconRail/AgentIconRail.test.ts; internal/webui/frontend/src/components/AgentDetailMain/AgentDetailMain.test.tsx; internal/cli/daemon/daemon_control_test.go; internal/cli/daemon/supervisor/ephemeral_test.go; internal/webui/svcimpl/session_service_test.go	Automated coverage found; not run; Needs coverage	None logged	P1	Actual delete/archive/rerun cleanup actions should be validated separately.
LCLI-RA-001	Review & Acceptance	Review queue and PR triage	As a Staff / Tech Lead, I want one workspace queue for review-stage work and pull requests, so I can decide what needs acceptance next.	Review-stage issues, PR-linked issues, and unlinked GitHub PRs appear in the workspace review queue; GitHub metadata enriches rows when available; metadata failures degrade to warnings; current UI supports the implemented all, review, open, and merged filters.	internal/webui/frontend/src/views/PRsPage.tsx; internal/webui/handlers/git/pull_requests.go; internal/cli/git/pr_list.go	internal/webui/frontend/src/views/__tests__/PRsPage.test.ts; internal/cli/git/pr_list_test.go; internal/webui/handlers/git/git_test.go	Automated coverage found; not run	None logged	P0	Draft/changes-requested filters and grouping remain PR-review-spec gaps.
LCLI-RA-002	Review & Acceptance	PR review workspace detail	As a Staff / Tech Lead, I want a PR review workspace linked to Loom issues, so review status, comments, and acceptance context stay in one place.	Linked PR review rows can open the current review workspace, preserve issue links, and degrade clearly on GitHub metadata errors; unlinked PRs currently route externally rather than into a Loom PR detail page.	internal/webui/frontend/src/views/PRsPage.tsx; internal/webui/frontend/src/views/PRReviewWorkspace.tsx; internal/webui/handlers/git/pull_requests.go	internal/webui/frontend/src/views/__tests__/PRsPage.test.ts; internal/webui/frontend/src/views/__tests__/PRReviewWorkspace.test.tsx; internal/cli/git/pr_list_test.go	Automated coverage found; not run; Live account manual pending	None logged	P1	Taskless PR detail support is tracked separately as a spec gap.
LCLI-RA-003	Review & Acceptance	PR publishing handoff	As a Developer, I want Loom to publish reviewable pull requests from agent branches, so completed work can move into code review without losing branch context.	CLI and review surfaces create or reuse GitHub PRs, list PR state, and surface push, gh, or credential failures clearly.	internal/cli/git/pr.go; internal/cli/git/pr_list.go; internal/webui/handlers/git/pull_requests.go	internal/cli/git/pr_test.go; internal/cli/git/pr_list_test.go; internal/webui/handlers/git/git_test.go	Automated coverage found; not run; Live account manual pending	None logged	P1	Live GitHub PR creation requires credentials.
LCLI-RA-004	Review & Acceptance	Stacked PR review handoff	As a Staff / Tech Lead, I want stacked branch lineage published and restacked predictably, so multi-branch work can be reviewed in the intended order.	Stack publishing derives branch order, pushes and restacks branches, reconciles GitHub PRs, and stores stack metadata for later review updates.	internal/stacklineage/order.go; internal/stackpublish/reconciler.go; internal/stackpublish/forge_github.go; internal/stackpublish/restack.go; internal/stackstore/stackstore.go	internal/stacklineage/stacklineage_test.go; internal/stackpublish/plan_test.go; internal/stackpublish/restack_test.go; internal/stackpublish/stackpublish_e2e_test.go; internal/stackstore/stackstore_test.go	Automated coverage found; not run; Live account manual pending	None logged	P1	Live GitHub stack publishing requires credentials.
LCLI-RA-005	Review & Acceptance	Acceptance decisions and handoff context	As an Engineering Manager, I want approval, requested-changes, comments, and lifecycle history captured with the work item, so acceptance decisions remain auditable.	Issue review flows can close approved work, reopen work needing changes, preserve comments and activity, and keep handoff context visible in issue detail; GitHub-native approve/request-changes actions are not implemented as server routes yet.	internal/webui/frontend/src/views/PRReviewWorkspace.tsx; internal/cli/data/update.go; internal/webui/handlers/issues/comments.go; internal/webui/frontend/src/components/IssueDetailPanel/sections/CommentForm.tsx; internal/webui/frontend/src/components/IssueDetailPanel/sections/ActivityLog.tsx	internal/webui/frontend/src/views/__tests__/PRReviewWorkspace.test.tsx; internal/cli/data/update_test.go; internal/webui/handlers/issues/comments_test.go; test/fleetdb/ui/07-comments.spec.ts; test/fleetdb/ui/11-update-flow.spec.ts; test/fleetdb/ui/12-close-reopen-flow.spec.ts	Automated coverage found; not run	None logged	P0	GitHub review decisions are tracked separately as a PR-review-spec gap.
LCLI-RA-006	Review & Acceptance	Review discussion timeline	As a Staff / Tech Lead, I want comments and lifecycle events visible on review items, so acceptance decisions have durable context.	Review items show ordered comments, author and time metadata, lifecycle events, and acceptance-related updates without losing issue context.	internal/webui/handlers/issues/comments.go; internal/webui/handlers/issues/events.go; internal/webui/frontend/src/components/IssueDetailPanel/sections/ActivityLog.tsx; internal/webui/frontend/src/components/IssueDetailPanel/sections/CommentForm.tsx	test/fleetdb/ui/07-comments.spec.ts; internal/webui/handlers/issues/comments_test.go; internal/webui/handlers/issues/events_test.go; internal/webui/frontend/src/components/IssueDetailPanel/sections/__tests__/ActivityLog.test.tsx; internal/webui/frontend/src/components/IssueDetailPanel/sections/__tests__/CommentForm.test.tsx	Automated coverage found; not run	None logged	P1	Split discussion timeline from acceptance state transitions.
LCLI-RA-007	Review & Acceptance	Realtime review state updates	As a Developer, I want review queues and issue detail to update when other agents or reviewers change work, so I do not accept or continue stale work.	Workspace event streams reconnect, apply issue changes idempotently, refresh board and detail state, and surface connection errors when review state may be stale.	internal/webui/frontend/src/api/common/sse.ts; internal/webui/frontend/src/hooks/common/useEventProvider.tsx; internal/webui/server/realtime/handler.go; internal/webui/subscription/module.go	test/fleetdb/ui/09-sse-realtime.spec.ts; test/fleetdb/ui/10-sse-reconnect.spec.ts; internal/webui/frontend/src/api/common/__tests__/sse.test.ts; internal/webui/server/realtime/handler_test.go	Automated coverage found; not run	None logged	P0	Stale review state is an acceptance risk.
LCLI-RA-008	Review & Acceptance	Session transcript drilldown	As a Staff / Tech Lead, I want session transcripts and task-run artifacts linked to review items, so I can verify what actually happened before accepting work.	Session APIs list runs, expose transcript chunks, attach real logs and artifacts, and tie evidence to the correct workspace and issue.	internal/webui/handlers/issues/session_history.go; internal/webui/handlers/issues/session_module.go; internal/webui/frontend/src/components/IssueDetailPanel/sessions/SessionHistorySection.tsx; internal/driver/task_bridge_artifacts.go; internal/driver/task_bridge_session.go; internal/sessions/store.go	internal/webui/handlers/issues/session_history_test.go; internal/webui/handlers/issues/session_module_test.go; internal/webui/frontend/src/components/IssueDetailPanel/sessions/__tests__/SessionHistorySection.test.tsx; internal/driver/task_bridge_test.go; internal/driver/patchback_test.go; internal/sessions/store_test.go	Automated coverage found; not run; Manual pending	None logged	P0	Splits transcript evidence out of generic review artifacts.
LCLI-RA-009	Review & Acceptance	Diff and changed-file review	As a Developer, I want branch status, changed files, and patches available during review, so I can inspect the exact code delta before handoff or acceptance.	Review surfaces show branch state, ahead and behind counts, changed-file lists, patches, conflict states, and selected agent/workspace scope.	internal/webui/handlers/git/git.go; internal/webui/handlers/git/diff.go; internal/webui/frontend/src/components/AgentDetailPanel/GitTab.tsx; internal/webui/frontend/src/components/AgentDetailPanel/DiffTab.tsx	test/fleetdb/ui/17-files-diff-fleetdb.spec.ts; internal/webui/handlers/git/diff_test.go; internal/webui/frontend/src/components/AgentDetailPanel/GitTab.test.tsx; internal/webui/frontend/src/components/AgentDetailPanel/DiffTab.test.tsx	Automated coverage found; not run	None logged	P0	Split code delta review from transcript review.
LCLI-RA-010	Review & Acceptance	Deep-linkable PR detail page	As a Staff / Tech Lead, I want linked and taskless PRs to open a Loom PR detail page, so all review work can be inspected without leaving the workspace.	The PR-review spec calls for `/ws/:ws/prs/:repo/:number` detail routes with headers, checks, decisions, task links, and taskless PR support; current routing only exposes the PR queue and task-linked review workspace.	internal/webui/frontend/src/router.tsx; internal/webui/frontend/src/views/PRsPage.tsx; internal/webui/frontend/src/views/PRReviewWorkspace.tsx	internal/webui/frontend/src/views/__tests__/PRsPage.test.ts; internal/webui/frontend/src/views/__tests__/PRReviewWorkspace.test.tsx	Needs coverage	Open: PR detail route and taskless Loom PR page not implemented	P1	Doc-backed gap from PR review spec.
LCLI-RA-011	Review & Acceptance	PR-ref diff inspection without worktree	As a Developer, I want PR diffs fetched from PR refs without requiring a local agent worktree, so external or taskless PRs can still be reviewed in Loom.	The PR-review spec calls for pull-request file-list and per-file patch endpoints backed by fetched PR refs; current backend has PR listing plus agent/worktree diff routes.	internal/webui/handlers/git/module.go; internal/webui/handlers/git/pull_requests.go; internal/webui/handlers/git/diff.go; internal/webui/frontend/src/views/PRReviewWorkspace.tsx	internal/webui/handlers/git/diff_test.go; internal/webui/frontend/src/views/__tests__/PRReviewWorkspace.test.tsx	Needs coverage	Open: PR-ref files and patch endpoints not implemented	P1	Existing diff coverage is agent/worktree diff coverage, not PR-ref diff coverage.
LCLI-RA-012	Review & Acceptance	Persisted PR review agent lifecycle	As a Staff / Tech Lead, I want one persisted review agent per pull request, so agent review sessions survive reloads and do not duplicate across taskless and linked PRs.	The PR-review spec keys review agents by owner, repo, and number, creates an isolated review worktree, reuses existing live review agents, and tears them down on close or merge; current UI starts normal issue-scoped agents.	internal/webui/frontend/src/views/PRReviewWorkspace.tsx; internal/webui/frontend/src/components/CreateAgentModal/CreateAgentModal.tsx; internal/webui/handlers/agentcontrol/handlers.go	internal/webui/frontend/src/views/__tests__/PRReviewWorkspace.test.tsx; internal/webui/frontend/src/components/CreateAgentModal/__tests__/CreateAgentModal.test.tsx; internal/webui/handlers/agentcontrol/handlers_test.go	Needs coverage	Open: PR-keyed review-agent lifecycle not implemented	P1	Spec-only capability separated from implemented issue-scoped agent start.
LCLI-RA-013	Review & Acceptance	GitHub review decisions and merge gates	As a Staff / Tech Lead, I want Approve & merge and Request changes actions gated by checks, so PR decisions are enforced consistently and audited.	The PR-review spec calls for server routes that approve, merge, request changes, enforce CI status, update linked Loom tasks, and tear down review agents; current implementation only changes Loom issue status.	internal/webui/frontend/src/views/PRReviewWorkspace.tsx; internal/webui/handlers/git/pull_requests.go; internal/cli/git/pr.go	internal/webui/frontend/src/views/__tests__/PRReviewWorkspace.test.tsx; internal/cli/git/pr_test.go	Needs coverage	Open: GitHub approve/request-changes routes and server CI gate not implemented	P0	Do not treat current close/reopen issue flow as GitHub review enforcement.
LCLI-RA-014	Review & Acceptance	Task and epic PR chrome	As an Engineering Manager, I want task cards, issue detail, and epic rollups to expose linked PR state, so review readiness is visible from delivery views.	Task and epic surfaces render PR pills, issue-detail PR sections, branch and diff hints, and PR rollup chips without requiring users to open the PR queue first.	internal/webui/frontend/src/components/IssueDetailPanel/sections/PRSection.tsx; internal/webui/frontend/src/components/IssueCard/IssueCard.tsx; internal/webui/frontend/src/components/SwimLane/SwimLane.tsx; internal/webui/frontend/src/components/IssueDetailPanel/sections/EpicRollup.tsx	internal/webui/frontend/src/components/IssueDetailPanel/__tests__/IssueDetailPanel.test.tsx; internal/webui/frontend/src/components/IssueCard/__tests__/IssueCard.test.tsx; internal/webui/frontend/src/components/SwimLane/__tests__/SwimLane.test.tsx; internal/webui/frontend/src/components/IssueDetailPanel/sections/__tests__/EpicRollup.test.tsx	Automated coverage found; not run	None logged	P1	Implemented PR chrome split out from broader review queue behavior.
LCLI-RC-001	Release Confidence	Clean-env gate execution	As an Engineering Manager, I want release gates run without leaked desktop workspace environment, so local failures reflect the change under test rather than the operator shell.	Gate commands can be run with inherited LOOM runtime variables cleared and standard Go/frontend checks before trusting failures; operators may add temporary HOME isolation when debugging desktop-launched shells.	Makefile; scripts/with-clean-loom-env.sh; docs/testing/README.md; scripts/check-go-api-staleness.sh	make gate; make check-go; make check-frontend	Automated coverage found; not run	None logged	P0	Script clears LOOM_* env; HOME isolation is a recommended operator wrapper, not built into the script.
LCLI-RC-002	Release Confidence	OpenAPI and generated-client freshness	As a Staff / Tech Lead, I want generated API clients checked against the committed OpenAPI schema, so release candidates do not ship stale frontend, Go, or documented API surfaces.	OpenAPI generation and committed generated clients are compared against api/openapi.yaml; generated drift is reported before release.	api/openapi.yaml; internal/webui/frontend/scripts/check-openapi-staleness.mjs; scripts/check-go-api-staleness.sh	make check-go-api-staleness; npm --prefix internal/webui/frontend run check:generated	Automated coverage found; not run	Open: route-inventory parity is not proven by the current staleness scripts	P0	Separate from SDK contract compatibility.
LCLI-RC-003	Release Confidence	SDK contract surface freeze	As a Developer, I want SDK contract tests to freeze driver and task-run API paths, fields, and errors, so workflow and runner code does not break after release.	SDK contract fixtures validate driver-op and task-run routes, auth inputs, error envelopes, and fallback behavior expected by workflow bundles and task runners.	sdk/api-surface.v1.json; sdk/contract.test.mjs; sdk/driver.js; sdk/runner.js; internal/webui/handlers/driverapi/module.go; internal/webui/handlers/taskrunapi/module.go	sdk/contract.test.mjs; npm --prefix sdk test; sdk/driver.test.mjs; sdk/runner.test.mjs	Automated coverage found; not run	None logged	P0	Split SDK compatibility from generated-client freshness.
LCLI-RC-004	Release Confidence	Built-in workflow source validation	As a Staff / Tech Lead, I want built-in workflows validated from source, so release candidates do not depend on stale generated bundle output.	Built-ins load from source, preserve trusted stamps where appropriate, validate Flue source layout, and keep generated bundle output out of git.	internal/workflows/workflows.go; internal/workflows/source_layout.go; internal/workflows/builtin/epic-runner.ts; internal/workflows/FLUE_COMMIT	internal/workflows/workflows_test.go; internal/workflows/materialize_test.go; internal/workflows/builtin/epic-runner.test.mjs; make test-builtin-workflows	Automated coverage found; not run	None logged	P0	AGENTS.md says edit builtin source, not generated dist.
LCLI-RC-005	Release Confidence	Local-mode agent pickup smoke	As an Engineering Manager, I want local-mode smoke evidence that real agents pick up and finish work, so demo and release confidence is based on real runtime behavior.	Local-mode scripts launch FleetDB, serve, web UI, and agents; verification observes pickup, status movement, sessions, transcripts, and diffs from real runs.	Makefile; docs/product/local-mode-product-spec.md; .agent-skills/loom-pr-test/SKILL.md; test/local-mode/verify-local-mode.sh; test/local-mode/verify-agent-routing.py	make local-mode-verify; make local-mode-codex-verify	Automated coverage found; not run; Manual pending	None logged	P0	Local-mode smoke is evidence here, not a feature group.
LCLI-RC-006	Release Confidence	FleetDB browser release smoke	As a Staff / Tech Lead, I want FleetDB-backed browser smoke coverage across core workflows, so UI release readiness is checked against real routing and backend behavior.	FleetDB UI specs run against a prepared real stack and cover routed backlog, review, settings, comments, dependencies, terminal, files, diff, and agent workflows.	test/fleetdb/ui/README.md; test/fleetdb/ui/01-kanban.spec.ts; test/fleetdb/ui/07-comments.spec.ts; test/fleetdb/ui/16-terminal-fleetdb.spec.ts; test/fleetdb/ui/17-files-diff-fleetdb.spec.ts	make test-fleetdb-ui; make gate-e2e-full	Automated coverage found; not run; Manual pending	None logged	P0	FleetDB UI tests are evidence here, not a feature group.
LCLI-RC-007	Release Confidence	Distributed smoke release readiness	As an Engineering Manager, I want distributed smoke evidence before release, so cross-node routing, claims, realtime reconnect, transcripts, and WebUI health do not regress.	Distributed smoke builds and starts real services, verifies claim contention, SSE reconnect, cross-node transcripts, and WebUI health before release confidence is claimed.	test/distributed/smoke.sh; Makefile; internal/webui/server/realtime/handler.go; internal/driver/task_worker.go	make test-distributed-smoke; make gate-e2e-full	Automated coverage found; not run; Manual pending	None logged	P0	Distributed smoke is evidence here, not a feature group.
LCLI-RC-008	Release Confidence	Task-run scheduling and retry confidence	As a Staff / Tech Lead, I want task-run scheduling, retry, and terminal outcomes visible before release, so unschedulable or flaky execution does not hide behind green UI checks.	Scheduler records eligibility, leases, heartbeats, retryable failures, stale sweeps, and terminal success or failure for task runs.	internal/driver/task_scheduling.go; internal/driver/task_worker.go; internal/driver/task_retry.go; internal/driver/stale_task_sweeper.go	internal/driver/task_worker_test.go; internal/driver/task_retry_test.go; internal/driver/stale_task_sweeper_test.go	Automated coverage found; not run	None logged	P0	Release confidence view of runtime execution health.
LCLI-RC-009	Release Confidence	Epic-runner completion evidence	As a Staff / Tech Lead, I want epic-runner completion evidence separated from generic task scheduling, so large delegated initiatives have clear release readiness signals.	Epic runner creates or routes child work, links dependencies, launches or assigns agents, monitors child completion, and reports final epic status without duplicate active runs.	internal/epicrunner/start.go; internal/workflows/builtin/epic-runner.ts; internal/driver/executor.go; internal/backend/fleet/fleet_dependencies.go	internal/epicrunner/start_test.go; internal/workflows/builtin/epic-runner.test.mjs; scripts/test-real-flue-epic-runner.sh	Automated coverage found; not run; Manual pending	None logged	P0	Real runtime validation should avoid starting duplicate runs.
LCLI-RC-010	Release Confidence	Sandbox acceptance gate	As a Staff / Tech Lead, I want untrusted workflow sandbox acceptance gates in release readiness, so sandbox, auth, and egress controls are proven before deploy.	Step-9 gates submit an untrusted workflow, verify forbidden paths are denied, and cover no-container and podman-backed egress cases with platform caveats.	scripts/test-step9-sandbox.sh; internal/driver/step9_e2e_test.go; internal/driver/sandbox/policy.go; internal/driver/sandbox/container.go; internal/driver/sandbox/egress.go	go test ./internal/driver -run TestStep9; LOOM_STEP9_SANDBOX=podman scripts/test-step9-sandbox.sh	Automated coverage found; not run; Manual pending	None logged	P0	Native Linux podman is required for full relay and network-isolation acceptance.
LCLI-RC-011	Release Confidence	Test, commit, and push artifact evidence	As a Staff / Tech Lead, I want agent runs to preserve test, gate, commit, and push evidence, so release readiness is based on auditable output rather than a final status label.	Session and task-run artifacts capture command output, test or gate results, patchbacks, commits, push attempts, and failure reasons with real runner provenance.	internal/webui/handlers/taskrunapi/artifacts.go; internal/driver/task_bridge_artifacts.go; internal/driver/task_bridge_session.go; internal/sessions/diff_metadata.go; sdk/runner.js	internal/webui/handlers/taskrunapi/runner_e2e_test.go; internal/driver/task_bridge_test.go; internal/driver/patchback_test.go; sdk/runner.test.mjs; test/local-mode/verify-local-mode.sh	Automated coverage found; not run; Manual pending	None logged	P0	Local-mode verify does not yet prove every session-contract artifact category.
LCLI-RC-012	Release Confidence	Container runner evidence durability	As an Engineering Manager, I want container or Daytona runner evidence visible after execution, so remote or isolated runs carry the same release-confidence proof as local runs.	Container-backed runners report identity, logs, lifecycle, artifacts, patchbacks, and terminal failures through task-run APIs while preserving evidence outside the ephemeral runtime.	internal/workflows/builtin/daytona-task-runner.ts; internal/webui/handlers/taskrunapi/module.go; internal/webui/handlers/taskrunapi/artifacts.go; internal/driver/task_bridge.go; docs/testing/local-mode-podman-e2e.md	internal/workflows/builtin/daytona-task-runner.test.mjs; internal/webui/handlers/taskrunapi/runner_e2e_test.go; internal/driver/task_bridge_test.go; make gate-e2e-full	Automated coverage found; not run; Manual pending	None logged	P0	Podman/Daytona live validation was not run in this mapping pass.
LCLI-AW-001	Automation & Workflows	Workflow authoring, registration, and run lifecycle	As a Platform Engineer, I want workflow definitions to be validated, registered, started, and observed through stable APIs, so automated SDLC work runs predictably across built-in and custom workflows.	Workflow version endpoints validate source files and entrypoints, built-ins register from trusted source, workflow runs are created with payload and idempotency metadata, and run status/events are readable or streamable.	internal/webui/handlers/workflows/module.go; internal/webui/handlers/workflows/preflight.go; internal/workflows/workflows.go; internal/workflows/source_layout.go; internal/driver/register.go; internal/driver/run.go; internal/driver/task_request.go	internal/webui/handlers/workflows/module_test.go; internal/webui/handlers/workflows/preflight_test.go; internal/webui/handlers/workflows/workflow_endpoints_e2e_test.go; internal/workflows/workflows_test.go; internal/workflows/materialize_test.go; internal/driver/register_test.go; internal/driver/run_test.go; internal/driver/task_request_test.go; make test-builtin-workflows	Automated coverage found; not run	None logged	P0	Custom live workflow submission was not run.
LCLI-AW-002	Automation & Workflows	Workflow run execution and audit trail	As a Platform Engineer, I want workflow runs to claim, execute, heartbeat, finish, and fail predictably, so automated SDLC work has an auditable lifecycle.	Driver runs create records, claim runnable work, execute steps, emit heartbeats/logs/events/results, and release or fail runs with clear terminal state.	internal/driver/run.go; internal/driver/executor.go; internal/driver/task_request.go; internal/driver/task_worker.go	internal/driver/run_test.go; internal/driver/executor_test.go; internal/driver/task_worker_test.go; internal/driver/run_events_test.go	Automated coverage found; not run	None logged	P0	Split from workflow registration.
LCLI-AW-003	Automation & Workflows	Driver-op SDK contract and runtime adapters	As a Developer, I want the workflow SDK to call driver APIs with stable auth, paths, and error shapes, so custom bundles do not depend on FleetDB credentials.	SDK resolves driver API URL/token from runtime env, sends run-scoped auth, exposes typed operations, preserves runtime adapter behavior, and fails with contract-shaped errors.	sdk/index.js; sdk/driver.js; sdk/runtime-adapters.js; sdk/README.md; internal/webui/handlers/driverapi/module.go	sdk/driver.test.mjs; sdk/contract.test.mjs; sdk/runtime-adapters.test.mjs; sdk/package.test.mjs; npm --prefix sdk test	Automated coverage found; not run	None logged	P0	Security properties of run token auth are mapped under Security & Runtime Controls.
LCLI-AW-004	Automation & Workflows	Task-run API and SDK bridge	As a Platform Engineer, I want task runners to report lifecycle, logs, artifacts, and patches through serve-hosted APIs, so automation works without broad FleetDB credentials.	Serve exposes task-run routes, exports runner API URLs, validates lease ownership, bridges artifacts/logs/status, and SDK transports prefer scoped serve APIs when available.	internal/webui/handlers/taskrunapi/module.go; internal/webui/handlers/taskrunapi/artifacts.go; internal/webui/handlers/taskrunapi/credentials.go; internal/driver/task_bridge.go; internal/driver/task_bridge_artifacts.go; internal/driver/task_bridge_session.go; sdk/runner.js	internal/webui/handlers/taskrunapi/module_test.go; internal/webui/handlers/taskrunapi/runner_e2e_test.go; internal/driver/task_bridge_test.go; internal/driver/patchback_test.go; sdk/runner.test.mjs; sdk/contract.test.mjs	Automated coverage found; not run	None logged	P0	Security properties of lease auth are mapped under Security & Runtime Controls.
LCLI-AW-005	Automation & Workflows	Task-run placement, leasing, and retry	As a Platform Engineer, I want task runs placed on eligible workers with clear retry behavior, so workflow automation progresses or fails diagnosably.	Scheduler selects eligible workers, records leases, applies retry/backoff/stale sweeps, marks terminal failures, and exposes queue state for stuck automation.	internal/driver/task_scheduling.go; internal/driver/task_worker.go; internal/driver/task_retry.go; internal/driver/stale_task_sweeper.go	internal/driver/task_worker_test.go; internal/driver/task_retry_test.go; internal/driver/stale_task_sweeper_test.go	Automated coverage found; not run	None logged	P0	Task runners also appear under Agent Delegation when viewed as delegated work capacity.
LCLI-AW-006	Automation & Workflows	Local and Daytona task runner execution	As a Platform Engineer, I want local and Daytona runners to execute work in the intended environment, so automation can run both locally and remotely.	Runners prepare worktrees, inject scoped env, start approved CLIs, stream output, report lifecycle state back to Loom, and fail closed when the requested runner, backend, auth, or worktree is unavailable.	internal/workflows/builtin/local-task-runner.ts; internal/workflows/builtin/daytona-task-runner.ts; internal/driver/bundled_runner.go; internal/driver/task_worktree_resolver.go; test/local-mode/verify-local-mode.sh	internal/workflows/builtin/local-task-runner.test.mjs; internal/workflows/builtin/daytona-task-runner.test.mjs; internal/driver/bundled_runner_test.go; make local-mode-verify; make local-mode-codex-verify	Automated coverage found; not run; Manual pending	None logged	P0	Local-mode and Codex local-mode checks were not executed; noop/demo providers are gated and must not imply fake success.
LCLI-AW-007	Automation & Workflows	Task-run artifact, transcript, and patchback evidence	As a Staff / Tech Lead, I want task-run evidence to contain real logs, transcripts, diffs, and patches, so automation output can be reviewed without fabricated state.	Runners stream logs, persist artifacts, record transcripts/diffs from actual sessions, and expose patchbacks as task-run evidence.	internal/driver/task_bridge_artifacts.go; internal/driver/task_bridge_session.go; internal/sessions/store.go; internal/sessions/transcript_usage.go; internal/webui/handlers/issues/session_history.go	internal/driver/patchback_test.go; internal/driver/task_bridge_test.go; internal/sessions/transcript_usage_test.go; internal/webui/handlers/issues/session_history_test.go	Automated coverage found; not run	None logged	P0	AGENTS.md forbids fabricated evidence.
LCLI-AW-008	Automation & Workflows	Trigger binding management and event patterns	As a Platform Engineer, I want trigger bindings to define routes, patterns, retries, and schedules, so workflow automation starts only from explicit configured events.	Trigger commands persist route keys, source kinds, concurrency/retry settings, event patterns, cron rules, and enabled state with testable matching behavior.	internal/cli/trigger/trigger_cmd.go; internal/trigger/pattern.go; internal/trigger/cron.go; internal/webui/handlers/webhooks/module.go	internal/cli/trigger/trigger_cmd_test.go; internal/trigger/pattern_test.go; internal/trigger/cron_test.go; internal/webui/handlers/webhooks/module_test.go	Automated coverage found; not run	None logged	P1	Split from signed webhook dispatch.
LCLI-AW-009	Automation & Workflows	Internal issue-event trigger delivery and cursor durability	As a Platform Engineer, I want internal issue events to drive workflow triggers durably, so automation reacts to Loom state changes without polling or lost cursors.	Issue-journal and internal emitted events normalize provenance, match trigger subjects, persist cursor state, dispatch awaits, and sweep pending deliveries.	internal/trigger/issue_journal_bridge.go; internal/trigger/internal_source.go; internal/trigger/bridge_cursor_state.go; internal/trigger/delivery_sweeper.go; internal/webui/handlers/driverapi/emit_event.go	internal/trigger/issue_journal_bridge_test.go; internal/trigger/internal_source_test.go; internal/trigger/bridge_cursor_state_test.go; internal/trigger/delivery_sweeper_test.go; internal/webui/handlers/driverapi/emit_event_test.go	Automated coverage found; not run	None logged	P1	Split from external webhooks because durability risks differ.
LCLI-AW-010	Automation & Workflows	Signed webhook workflow dispatch	As a Platform Engineer, I want signed repository webhooks to enqueue matching workflow runs, so external SDLC events can start automation without manual intervention.	GitHub webhook ingestion normalizes deliveries, resolves enabled trigger bindings, persists trigger events, and dispatches or enqueues workflow work idempotently.	internal/webui/handlers/webhooks/github.go; internal/webui/handlers/webhooks/adapter.go; internal/webui/handlers/webhooks/module.go; test/local-mode/verify-webhook.sh	internal/webui/handlers/webhooks/github_test.go; internal/webui/handlers/webhooks/webhooks_e2e_test.go; internal/webui/handlers/webhooks/webhooks_router_e2e_test.go; internal/webui/handlers/webhooks/await_dispatch_test.go; test/local-mode/verify-webhook.sh	Automated coverage found; not run; Live account manual pending	None logged	P1	Signature security is mapped separately under Security & Runtime Controls.
LCLI-AW-011	Automation & Workflows	Durable await gates and timeouts	As a Staff / Tech Lead, I want workflows to pause until matching events arrive or time out, so automation can wait safely for review or external signals.	Await operations register run-scoped instances, replay already satisfied events, suspend/resume runs, enforce timeout budgets, and expose await state through driver APIs.	internal/driver/await_op.go; internal/driver/await_timeout_sweeper.go; internal/store/await_store.go; internal/trigger/await_matcher.go; internal/webui/handlers/driverapi/await.go	internal/driver/await_op_test.go; internal/driver/await_timeout_sweeper_test.go; internal/driver/await_e2e_test.go; internal/store/storetest/await_suite.go; internal/trigger/await_matcher_test.go; internal/webui/handlers/driverapi/await_test.go	Automated coverage found; not run	None logged	P0	Split from approval authorization.
LCLI-AW-012	Automation & Workflows	Child workflow composition awaits	As a Developer, I want parent workflows to start and await child workflows deterministically, so larger automations can be composed without orphaned or cross-run waits.	Workflow composition validates parent/child lineage, requires timeout and await index, suspends parents, resumes on child terminal events, and preserves deterministic replay behavior.	internal/driver/composition.go; internal/webui/handlers/driverapi/workflows.go; sdk/driver.js	internal/driver/composition_test.go; internal/webui/handlers/driverapi/workflows_test.go; sdk/driver.test.mjs	Automated coverage found; not run	None logged	P0	Separate from generic await because composition changes run lineage.
LCLI-AW-013	Automation & Workflows	Connector-backed workflow actions	As a Platform Engineer, I want workflows to call approved external systems through connector providers, so SDLC automation can update tools without custom one-off integrations.	Connector dispatch resolves provider capabilities, executes approved calls, normalizes provider errors, supports rotation, and keeps GitHub, Slack, and Datadog provider behavior testable.	internal/connector/dispatch.go; internal/connector/rotate.go; internal/connector/providers/github.go; internal/connector/providers/slack.go; internal/connector/providers/datadog.go; internal/webui/handlers/driverapi/connectors.go	internal/connector/dispatch_test.go; internal/connector/rotate_test.go; internal/connector/providers/github_test.go; internal/connector/providers/slack_test.go; internal/connector/providers/datadog_test.go; internal/webui/handlers/driverapi/connectors_test.go	Automated coverage found; not run; Live account manual pending	None logged	P1	Secret storage and grant enforcement are mapped under Security & Runtime Controls.
LCLI-AW-014	Automation & Workflows	Native Flue artifact registration and promotion	As a Platform Engineer, I want Flue workflow artifacts registered as immutable driver versions, so workflow code can be validated, approved, activated, and rolled forward predictably.	Driver registration accepts built Flue artifacts, creates digest-idempotent DriverVersion records, rejects unsafe entrypoints, supports approval and activation, and keeps generated workflow bundle output out of git.	internal/cli/driver/driver_cmd.go; internal/driver/register.go; internal/driver/approval.go; internal/workflows/workflows.go; internal/workflows/source_layout.go	internal/driver/register_test.go; internal/driver/flue_integration_test.go; internal/driver/sandbox_policy_test.go; internal/workflows/workflows_test.go	Automated coverage found; not run	None logged	P0	Split from broad workflow registration because promotion is a release-control surface.
LCLI-AW-015	Automation & Workflows	Scheduled workflow dispatch	As a Platform Engineer, I want cron-backed trigger bindings to dispatch workflows durably, so scheduled SDLC automation runs without manual polling.	Cron bindings produce scheduled trigger events, catch up or dedupe ticks, route deliveries through the normal trigger dispatcher, and resolve matching await registrations from cron tick events.	internal/trigger/cron.go; internal/cli/serve/serve_loops.go; internal/trigger/await_matcher.go; internal/webui/handlers/webhooks/module.go	internal/trigger/cron_test.go; internal/trigger/await_matcher_test.go; internal/webui/handlers/webhooks/webhooks_router_e2e_test.go	Automated coverage found; not run	None logged	P1	Split from trigger binding CRUD and external webhook ingestion.
LCLI-AW-016	Automation & Workflows	Workflow-to-lead assignment delivery	As a Staff / Tech Lead, I want workflows to deliver assignments into lead sessions with retryable handoff, so epic automation can coordinate human-visible delegation.	Epic workflows resolve orchestration sessions, send lead assignments through driver APIs, fall back to durable outbox rows when inline delivery is unavailable, and retry delivery without duplicating messages.	sdk/driver.js; internal/workflows/builtin/epic-runner.ts; internal/webui/handlers/driverapi/module.go; internal/driver/outbox_dispatcher.go; internal/driver/task_events.go	sdk/driver.test.mjs; internal/webui/handlers/driverapi/deliver_lead_assignment_test.go; internal/driver/outbox_dispatcher_test.go; internal/driver/task_events_test.go	Automated coverage found; not run	None logged	P0	Doc-backed by lead epic runner and workflow authoring docs.
LCLI-AW-017	Automation & Workflows	Trigger event audit and redelivery	As a Platform Engineer, I want trigger events and deliveries inspectable and retryable, so workflow automation failures can be audited and recovered.	Trigger APIs and CLI surfaces expose binding, event, and delivery state; pending deliveries are swept and retried with durable status updates; manual replay remains a separate future capability.	internal/cli/trigger/trigger_cmd.go; internal/webui/handlers/webhooks/module.go; internal/trigger/delivery_sweeper.go; internal/store/platform_store.go	internal/cli/trigger/trigger_cmd_test.go; internal/webui/handlers/webhooks/module_test.go; internal/trigger/delivery_sweeper_test.go	Automated coverage found; not run	None logged	P1	Split runtime delivery audit from trigger binding management.
LCLI-PS-001	Platform Setup	FleetDB store bootstrap and mode selection	As a Platform Engineer, I want Loom workspace commands to resolve the intended FleetDB mode before any issue or runtime surface starts, so setup uses the correct local, embedded, or cloud backend.	Store startup resolves config, environment, workspace state, embedded mode, and mode cache; unavailable backends fail with actionable diagnostics instead of silently switching stores.	internal/bootstrap/openstore.go; internal/bootstrap/embedded.go; internal/bootstrap/mode.go; internal/bootstrap/statecache.go	internal/bootstrap/embedded_test.go; internal/bootstrap/embedded_smoke_test.go	Automated coverage found; not run	None logged	P0	Local and cloud paths inspected from source; no live backend smoke run in this pass.
LCLI-PS-002	Platform Setup	Workspace management and selection	As a Platform Engineer, I want workspaces created, selected, renamed, deleted, reordered, and shown consistently across CLI and UI, so teams can manage multiple Loom contexts without corrupting active state.	Workspace CLI and UI/API preserve workspace IDs, active/default selection, ordering, and create/rename/delete workflows with JSON-friendly behavior and route-stable browser state.	internal/cli/workspace/workspace_cmd.go; internal/cli/workspace/init.go; internal/cli/workspace/status.go; internal/webui/handlers/workspace/workspaces.go; internal/webui/handlers/workspace/create.go; internal/webui/handlers/workspace/rename.go; internal/webui/handlers/workspace/delete.go; internal/webui/handlers/workspace/reorder.go; internal/webui/frontend/src/components/WorkspaceSwitcher/WorkspaceSwitcher.tsx; internal/webui/frontend/src/views/WorkspacePage.tsx	internal/cli/workspace/workspace_cmd_test.go; internal/cli/workspace/init_test.go; internal/cli/workspace/status_test.go; internal/webui/handlers/workspace/workspaces_test.go; internal/webui/handlers/workspace/create_test.go; internal/webui/handlers/workspace/rename_test.go; internal/webui/handlers/workspace/delete_test.go; internal/webui/handlers/workspace/reorder_test.go; internal/webui/frontend/src/components/WorkspaceSwitcher/__tests__/WorkspaceSwitcher.test.tsx; internal/webui/frontend/src/views/__tests__/WorkspacePage.test.tsx	Automated coverage found; not run	None logged	P0	Split from first-run onboarding.
LCLI-PS-003	Platform Setup	First-run onboarding and initial task setup	As a Platform Engineer, I want first-run onboarding to guide workspace and initial task setup, so teams can start SDLC flows from a usable baseline.	Onboarding validates workspace inputs, shows setup state, creates the first task when requested, and routes users into the selected workspace without silently mutating unrelated workspaces.	internal/webui/handlers/onboarding/first_task.go; internal/webui/frontend/src/components/OnboardingFlow/OnboardingFlow.tsx; internal/webui/frontend/src/components/CreateWorkspaceModal/CreateWorkspaceModal.tsx; internal/webui/frontend/src/components/RedirectToWorkspace/RedirectToWorkspace.tsx	test/fleetdb/ui/19-first-run-onboarding.spec.ts; internal/webui/handlers/onboarding/first_task_test.go; internal/webui/frontend/src/components/OnboardingFlow/__tests__/OnboardingFlow.test.tsx; internal/webui/frontend/src/components/CreateWorkspaceModal/__tests__/CreateWorkspaceModal.test.tsx; internal/webui/frontend/src/components/RedirectToWorkspace/__tests__/RedirectToWorkspace.test.tsx	Automated coverage found; not run	Open: web-onboarding spec status endpoints are not registered	P0	No live workspace stack was run.
LCLI-PS-004	Platform Setup	Repository registration and worktree preparation	As a Platform Engineer, I want repositories registered with local checkout and worktree paths, so agents run against the intended codebase.	Repo setup creates, lists, shows, and removes workspace repos; records remote, default branch, group, and source metadata; clones supported remotes into workspace-local paths; and prepares safe agent worktree locations.	internal/cli/repo/repo_cmd.go; internal/cli/worktree.go; internal/localworkspace/localworkspace.go; internal/store/repo_store.go; internal/cli/workspace/worktree_repo.go	internal/cli/repo/repo_cmd_test.go; internal/cli/worktree_test.go; internal/cli/worktree_discovery_test.go; internal/cli/worktree_workspace_test.go; internal/localworkspace/localworkspace_test.go	Automated coverage found; not run	Open: README repo add examples use obsolete --url syntax	P0	README drift was verified against current Cobra use string by the agent pass.
LCLI-PS-005	Platform Setup	Role policy configuration	As a Platform Engineer, I want role policies configured independently from agent definitions, so routing constraints can be audited before any agent starts work.	Role setup exposes add/list/show/remove and policy field changes for backend, model, effort, task filters, concurrency, budget, read-only mode, skills, path patterns, and allowed or denied tools.	internal/cli/role/role_cmd.go; internal/store/role_store.go; internal/domain/role.go; docs/testing/e2e-cli.md	internal/cli/daemon/supervisor/role_test.go; internal/cli/daemon/daemon_role_merge_test.go	Automated coverage found; not run; Needs coverage	Open: README role examples use obsolete role set flag syntax	P0	Direct role CLI CRUD coverage still appears missing.
LCLI-PS-006	Platform Setup	Agent definition setup and pinned starts	As a Platform Engineer, I want named agent definitions configured separately from role policy, so runtime profiles, repos, parent epics, budgets, and pinned starts are explicit.	Agent definitions persist role, backend, repo or repo-group, parent, mode, task filter, concurrency, budget, autostart, desired-state fields, local worktree creation, and queued start/stop commands.	internal/cli/agentdef/agentdef_cmd.go; internal/store/agent_store.go; internal/store/control_plane_store.go; internal/cli/daemon/daemon_reconciler.go; internal/localworkspace/localworkspace.go	internal/localworkspace/localworkspace_test.go; internal/cli/daemon/daemon_lifecycle_test.go	Automated coverage found; not run; Needs coverage	None logged	P0	Direct agentdef command coverage still appears missing.
LCLI-PS-007	Platform Setup	Backend CLI registry and health setup	As a Platform Engineer, I want supported agent backends registered and health-checked before routing work, so agents launch with the intended CLI, model, effort, sandbox, and transcript behavior.	Backend setup constructs supported Claude, Codex, Cursor, Gemini, Opencode, Echo, and external backend invocations, exposes capabilities, validates CLI availability, and normalizes setup or invocation errors.	internal/cli/backends/backend_cmd.go; internal/cli/backends/backend_codex.go; internal/cli/backends/backend_claude.go; internal/cli/backends/backend_wrapper.go; internal/cli/backendcheck/backendcheck.go	internal/cli/backends/backend_cmd_test.go; internal/cli/backends/backend_codex_test.go; internal/cli/backends/backend_claude_test.go; internal/cli/backends/backend_wrapper_test.go; internal/cli/backendcheck/backendcheck_test.go	Automated coverage found; not run; Manual pending	None logged	P0	Live third-party backend CLIs were not run.
LCLI-PS-008	Platform Setup	Daemon profile configuration	As a Platform Engineer, I want daemon runtime profile fields configured independently from worker profiles, so local daemon paths, capacity, backend mode, and startup timeout are predictable.	Daemon profile commands show, set, and unset supported profile keys, reject unknown keys, and persist fields such as pid_file, log_dir, events_dir, issue_backend, max_agents, and startup_timeout.	internal/cli/daemon/profile_cmd.go; internal/store/daemon_store.go; internal/domain/daemon_profile.go	None found	Needs coverage	Open: README daemon profile examples use obsolete flag-style syntax	P1	Focused daemon profile command tests were not found.
LCLI-PS-009	Platform Setup	Worker profile and service registration	As a Platform Engineer, I want local and remote worker profiles registered separately from daemon setup, so distributed executors advertise capacity, placement, and capabilities clearly.	Worker setup manages worker profiles, service desired state, role/backend/repo/capability metadata, workspace-name resolution, remote registration, deregistration, lock-state updates, and admin APIs.	internal/cli/serve/worker/worker_cmd.go; internal/cli/serve/worker/profile_cmd.go; internal/cli/serve/worker/service_cmd.go; internal/store/platform_store.go; internal/domain/platform.go; internal/webui/handlers/misc/worker_api.go	internal/cli/serve/worker/worker_cmd_test.go; internal/cli/serve/worker/profile_cmd_test.go; internal/cli/serve/worker/service_cmd_test.go; internal/webui/handlers/misc/worker_api_test.go	Automated coverage found; not run	None logged	P1	Distributed smoke was not run.
LCLI-PS-010	Platform Setup	Backend and local runtime settings	As a Platform Engineer, I want project backend, local FleetDB Redis, runtime, and credential settings editable from the setup UI, so Loom points at the right services before agents start.	Settings load and save project default backend, backend health/setup actions, sanitized local settings, FleetDB Redis options, local-vs-Daytona runtime preference, OpenCode model, and Daytona/GitHub credential status with validation.	internal/webui/frontend/src/components/SettingsView/SettingsView.tsx; internal/webui/frontend/src/components/AIBackendSetupList/AIBackendSetupList.tsx; internal/webui/handlers/workspace/backend.go; internal/webui/handlers/localsettings/localsettings.go; internal/webui/frontend/src/hooks/workspace/useBackendConfig.ts; internal/webui/frontend/src/hooks/workspace/useLocalSettings.ts	test/fleetdb/ui/05-settings.spec.ts; internal/webui/frontend/src/components/SettingsView/__tests__/SettingsView.test.tsx; internal/webui/frontend/src/components/AIBackendSetupList/__tests__/AIBackendSetupList.test.tsx; internal/webui/handlers/workspace/backend_test.go; internal/webui/handlers/localsettings/localsettings_test.go; internal/webui/frontend/src/hooks/workspace/__tests__/useBackendConfig.test.ts	Automated coverage found; not run	None logged	P1	No live settings browser smoke or real credential validation was run.
LCLI-PS-011	Platform Setup	Desktop app installation and local runtime bootstrap	As a Platform Engineer, I want the desktop app, sidecar CLI, app data, and LaunchAgent setup to install predictably, so local teams can bootstrap Loom without hand-wiring services.	Desktop packaging and local commands prepare the bundled sidecar, manage app data locations, coexist with user CLIs, install or remove LaunchAgent runtime services, and expose bootstrap status.	internal/cli/local/local_cmd.go; internal/cli/local/runtime.go; internal/cli/local/launchagent.go; desktop/src-tauri/tauri.conf.json; desktop/scripts/prepare-sidecar.sh; desktop/scripts/release-macos.sh; .github/workflows/desktop-release.yml	internal/cli/local/runtime_test.go; internal/cli/local/daemon_test.go; internal/cli/local/local_cmd_diag_test.go	Automated coverage found; not run; Manual pending	None logged	P1	Desktop installation runbook was inspected; no app bundle was built in this pass.
LCLI-SEC-001	Security & Runtime Controls	Driver-op run token auth and legacy fallback controls	As a Platform Engineer, I want workflow runtime API calls scoped by run tokens, so one run cannot operate another run or depend on node-wide secrets.	Serve mints LOOM_RUN_TOKEN at claim, driver-op APIs validate bearer token scope, forged or expired tokens fail, and legacy static-token fallback remains explicitly controlled.	internal/driver/run.go; internal/driver/executor.go; internal/webui/handlers/driverapi/token_auth.go; sdk/driver.js; AGENTS.md	internal/driver/run_token_test.go; internal/driver/executor_run_token_test.go; internal/webui/handlers/driverapi/token_auth_test.go; sdk/driver.test.mjs	Automated coverage found; not run	None logged	P0	Legacy LOOM_DRIVER_API_TOKEN fallback is documented as temporary.
LCLI-SEC-002	Security & Runtime Controls	Task-run lease-token ownership fence	As a Platform Engineer, I want task-run APIs protected by per-run lease tokens, so runners can report progress without broad FleetDB credentials or cross-run writes.	Task-run routes require lease credentials, fence ownership, expose scoped credential context, and reject artifact/status/log writes from non-owning runners.	internal/webui/handlers/taskrunapi/module.go; internal/webui/handlers/taskrunapi/credentials.go; internal/driver/task_bridge.go; sdk/runner.js	internal/webui/handlers/taskrunapi/module_test.go; internal/webui/handlers/taskrunapi/runner_e2e_test.go; internal/driver/task_bridge_test.go; sdk/runner.test.mjs	Automated coverage found; not run	None logged	P0	Split from broader run token auth.
LCLI-SEC-003	Security & Runtime Controls	Sandbox trust placement enforcement	As a Platform Engineer, I want untrusted workflows refused outside isolating launchers, so submitted automation cannot silently run with trusted process privileges.	Driver trust level is stamped server-side, missing trust defaults untrusted, process-mode placement rejects untrusted bundles with sandbox_required, and placement decisions are audited.	internal/driver/sandbox/policy.go; internal/driver/sandbox/launcher.go; internal/driver/executor.go	internal/driver/sandbox_policy_test.go; internal/driver/sandbox_launcher_test.go; internal/driver/step9_e2e_test.go	Automated coverage found; not run; Manual pending	None logged	P0	Split from sandbox egress because placement enforcement is the trust boundary.
LCLI-SEC-004	Security & Runtime Controls	Sandbox egress modes and serve-only relay	As a Platform Engineer, I want containerized workflow egress bounded by explicit modes, so untrusted automation can reach serve when allowed and nothing else.	Egress mode resolves from trust/operator config, serve-only uses network-none plus a unix-socket relay, none blocks networking, delegated records external enforcement, and placement records capture mechanism.	internal/driver/sandbox/egress.go; internal/driver/sandbox/container.go; internal/driver/sandbox/launcher.go; scripts/test-step9-sandbox.sh	internal/driver/sandbox/egress_test.go; internal/driver/sandbox/container_test.go; internal/driver/step9_e2e_test.go; LOOM_STEP9_SANDBOX=podman scripts/test-step9-sandbox.sh	Automated coverage found; not run; Manual pending	None logged	P0	Native Linux podman is needed for full relay acceptance.
LCLI-SEC-005	Security & Runtime Controls	Connector credential vault and redaction	As a Platform Engineer, I want connector credentials sealed and redacted, so workflow integrations cannot leak stored secrets through API responses or logs.	Connector commands accept secrets through controlled inputs, outbound credentials are envelope-encrypted with connector-bound AAD, store reads redact secrets, and HTTP responses do not expose plaintext.	internal/cli/connector/connector_cmd.go; internal/store/connector_store.go; internal/connector/vault.go; internal/webui/handlers/driverapi/connectors.go	internal/cli/connector/connector_cmd_test.go; internal/connector/vault_test.go; internal/webui/handlers/driverapi/connectors_test.go	Automated coverage found; not run	None logged	P0	Split from connector action execution.
LCLI-SEC-006	Security & Runtime Controls	Connector grant enforcement and irreversible action preconditions	As a Platform Engineer, I want connector calls checked against grants and preconditions, so workflows only perform approved external actions.	Connector dispatch derives binding identity from verified run lineage, denies by default, re-checks grants per call, enforces irreversible-action preconditions, and audits granted and denied outcomes.	internal/connector/grants.go; internal/connector/dispatch.go; internal/connector/providers/provider.go; internal/webui/handlers/driverapi/connectors.go	internal/connector/grants_test.go; internal/connector/dispatch_test.go; internal/webui/handlers/driverapi/connectors_test.go; internal/connector/providers/github_test.go; internal/connector/providers/slack_test.go; internal/connector/providers/datadog_test.go	Automated coverage found; not run; Live account manual pending	None logged	P0	No live external connector calls were run.
LCLI-SEC-007	Security & Runtime Controls	Connector secret rotation audit	As a Platform Engineer, I want connector secret rotation to be conflict-checked and audited, so credential changes are attributable and safe during rollout windows.	Rotation swaps inbound and outbound credentials with optimistic conflict checks, seals new outbound secrets, preserves redacted connector state, and appends rotation records to the connector-call journal.	internal/connector/rotate.go; internal/connector/vault.go; internal/store/connector_store.go	internal/connector/rotate_test.go; internal/connector/vault_test.go	Automated coverage found; not run	None logged	P1	Split from vault and grant enforcement.
LCLI-SEC-008	Security & Runtime Controls	Webhook secret and signature controls	As a Platform Engineer, I want webhook secrets resolved and signatures verified before trigger dispatch, so external events cannot spoof workflow starts.	GitHub webhook handlers resolve binding secrets, verify signatures, redact stored secrets from create/list responses, stamp signature status, and reject reserved internal origins from external paths.	internal/webui/handlers/webhooks/github.go; internal/webui/handlers/webhooks/secret_resolve.go; internal/trigger/internal_source.go; test/local-mode/verify-webhook.sh	internal/webui/handlers/webhooks/github_test.go; internal/webui/handlers/webhooks/secret_resolve_test.go; internal/trigger/internal_source_test.go; test/local-mode/verify-webhook.sh	Automated coverage found; not run; Live account manual pending	None logged	P1	External webhook delivery requires live account validation.
LCLI-SEC-009	Security & Runtime Controls	External auth session and deployment guardrails	As a Platform Engineer, I want shared deployments protected by validated auth configuration and session state, so only authorized users can access Loom workspaces and APIs.	Auth service validates deployment env, supports login/session/JWT and health flows, applies CORS/rate-limit/TLS guidance, and the web app gates protected routes while preserving return-to links.	services/auth/src/index.ts; services/auth/src/auth.ts; services/auth/src/lib/env-schema.ts; internal/webui/frontend/src/components/AuthGate/AuthGate.tsx; services/auth/DEPLOYMENT.md	services/auth/src/__tests__/auth.test.ts; services/auth/src/__tests__/security-e2e.test.ts; services/auth/src/lib/__tests__/env-schema-extra.test.ts; internal/webui/frontend/src/components/AuthGate/__tests__/AuthGate.test.tsx; make test-auth-service	Automated coverage found; not run	None logged	P0	Auth service tests are separate from the main gate unless invoked explicitly.
LCLI-SEC-010	Security & Runtime Controls	Workflow approval authorization gates	As a Staff / Tech Lead, I want workflow approvals to control sensitive continuation or activation points, so automation cannot bypass required human authorization.	Approval state gates continuation or activation decisions, records metadata for audit, checks eligible approvers, and stays distinct from general await mechanics when a human decision is required.	internal/driver/approval.go; internal/webui/handlers/approvals/module.go; internal/driver/await_op.go; internal/trigger/await_matcher.go; sdk/driver.js	internal/webui/handlers/approvals/module_test.go; internal/driver/await_e2e_test.go; internal/driver/run_test.go; internal/trigger/await_matcher_test.go; sdk/driver.test.mjs	Automated coverage found; not run	None logged	P0	Updated from docs-first pass; focused approval coverage exists.
LCLI-SEC-011	Security & Runtime Controls	Local Redis and runtime credential storage	As a Platform Engineer, I want local Redis and runtime credentials stored and exposed safely, so desktop-local settings do not leak secrets through browser APIs or repo files.	Local settings write private files, validate Redis settings, seal runtime credentials, expose sanitized password/configured flags, and keep credential material out of normal API responses.	internal/localsettings/settings.go; internal/webui/handlers/localsettings/localsettings.go; internal/connector/vault.go; internal/webui/frontend/src/components/SettingsView/SettingsView.tsx	internal/localsettings/settings_test.go; internal/webui/handlers/localsettings/localsettings_test.go; internal/connector/vault_test.go; internal/webui/frontend/src/components/SettingsView/__tests__/SettingsView.test.tsx	Automated coverage found; not run	None logged	P0	Doc-backed by security credential-storage and desktop runtime docs.
LCLI-SEC-012	Security & Runtime Controls	Local realtime, terminal, notify, and editor guards	As a Platform Engineer, I want local realtime and host-control endpoints scoped by tokens or loopback guards, so workspace data and local editor launches cannot be abused across trust boundaries.	SSE tokens bind to workspace and single use, terminal WebSocket tokens bind to session and workspace, session notifications require bearer tokens, and editor launch is restricted to loopback with path validation.	internal/webui/server/realtime/sse_token.go; internal/webui/server/realtime/terminal_auth.go; internal/webui/subscription/token.go; internal/webui/handlers/misc/sessions.go; internal/webui/handlers/misc/editors.go; internal/webui/app/notify_token.go	internal/webui/server/realtime/sse_token_test.go; internal/webui/server/realtime/terminal_auth_test.go; internal/webui/subscription/token_test.go; internal/webui/handlers/misc/sessions_notify_test.go; internal/webui/handlers/misc/editors_test.go; internal/webui/app/terminal_auth_test.go	Automated coverage found; not run	None logged	P0	Split from generic realtime behavior because this is a security boundary.
LCLI-SEC-013	Security & Runtime Controls	Markdown and user-content XSS hardening	As a Platform Engineer, I want markdown and user-provided content sanitized before rendering, so descriptions, comments, and generated text cannot inject scriptable HTML.	Markdown rendering sanitizes incoming content, applies a restricted rehype sanitizer, preserves safe formatting, and tests dangerous HTML cases before content reaches issue detail UI.	internal/webui/frontend/src/utils/sanitizeHtml.ts; internal/webui/frontend/src/components/IssueDetailPanel/sections/MarkdownRenderer.tsx	internal/webui/frontend/src/utils/__tests__/sanitizeHtml.test.ts; internal/webui/frontend/src/components/IssueDetailPanel/sections/__tests__/MarkdownRenderer.test.tsx	Automated coverage found; not run	None logged	P0	Doc-backed by security input-sanitization guidance.
LCLI-SEC-014	Security & Runtime Controls	Clone URL SSRF and Git environment hardening	As a Platform Engineer, I want clone URLs and subprocess Git environment filtered, so workspace setup and agent execution cannot reach internal services or inherit dangerous Git behavior.	Workspace clone validation rejects unsafe schemes, control characters, suspicious path segments, private or metadata hosts, and known internal hostnames; agent subprocess env filtering blocks dangerous Git config and hook variables.	internal/webui/service/workspace_validate.go; internal/cli/repo/repo_cmd.go; internal/cli/envfilter/envfilter.go	internal/cli/envfilter/envfilter_test.go; internal/cli/envfilter_test.go	Automated coverage found; not run; Needs coverage	None logged	P0	Focused ValidateCloneURL tests were not found in this pass.
LCLI-SEC-015	Security & Runtime Controls	Agent IPC mutation and lease fence	As a Platform Engineer, I want daemon IPC limited and lease-scoped, so agent subprocesses can report authorized progress without broad task-store access.	Daemon IPC exposes scoped mutation, heartbeat, release, and completion paths, injects socket context into agent subprocesses, and validates ownership or lease semantics before mutating task state.	internal/cli/daemon/daemon_ipc.go; internal/cli/daemon_ipc_client.go; internal/backend/agentipc/backend.go; internal/cli/daemon/supervisor/ownership.go	internal/cli/daemon/daemon_ipc_test.go; internal/cli/daemon/daemon_ipc_lease_test.go; internal/backend/agentipc/backend_test.go; internal/cli/daemon/supervisor/ownership_test.go	Automated coverage found; not run	None logged	P0	Docs said claim/update/complete only; implementation also includes heartbeat and release paths.
LCLI-OPS-001	Operations & Observability	Runtime repair and preflight remediation	As a Platform Engineer, I want readiness diagnostics to include repair-oriented preflight checks, so I can fix runtime blockers before assigning work.	Ops diagnostics and ensure-runtime report backend reachability, local runtime applicability, daemon liveness, repo and worktree readiness, problem codes, suggested fixes, and remediation attempts with JSON-friendly output.	internal/cli/workspace/ops_cmd.go; internal/ops/workspace.go; internal/runtimepreflight/preflight.go	internal/cli/workspace/ops_cmd_test.go; internal/cli/workspace/local_runtime_e2e_test.go; internal/runtimepreflight/preflight_test.go	Automated coverage found; not run	None logged	P0	Product-facing readiness authority for local/desktop and headless/fleet deployments.
LCLI-OPS-002	Operations & Observability	Serve health and readiness endpoints	As a Platform Engineer, I want health and readiness endpoints separated from CLI diagnostics, so deployment checks can tell whether serve and workspace runtime APIs are healthy.	Health routes expose process health, runtime readiness, route registration, and non-healthy states without requiring a human to run CLI diagnostics.	internal/webui/handlers/health/health.go; internal/webui/handlers/health/runtime_ready.go; internal/webui/app/routes.go	internal/webui/handlers/health/health_test.go; internal/webui/handlers/health/runtime_ready_test.go	Automated coverage found; not run	None logged	P0	Split from CLI diagnostics.
LCLI-OPS-003	Operations & Observability	Daemon lifecycle controls	As a Platform Engineer, I want daemon lifecycle controls exposed from CLI and API, so supervised agents can be started, stopped, restarted, yielded, and shut down intentionally.	Daemon operations show effective status and configuration, execute lifecycle commands, surface daemon conflict or unavailable errors, and support graceful shutdown paths.	internal/cli/daemon/daemon_cmd.go; internal/cli/daemon/supervisor/supervisor.go; internal/webui/handlers/agents/handlers.go	internal/cli/daemon/daemon_cmd_test.go; internal/cli/daemon/supervisor/lifecycle_test.go; internal/webui/handlers/agents/handlers_test.go	Automated coverage found; not run	None logged	P0	Real runtime validation should follow .agent-skills/loom-pr-test/SKILL.md.
LCLI-OPS-004	Operations & Observability	Daemon queue and stuck-work inspection	As a Platform Engineer, I want daemon queue previews and stuck-work signals, so I can distinguish scheduler backlog from broken agents.	Queue operations expose pending work, stuck-agent detection, safe cancellation or drain behavior, and enough state to explain why agents are not picking up tasks.	internal/cli/daemon/daemon_queue.go; internal/cli/daemon/supervisor/supervisor.go	internal/cli/daemon/daemon_queue_test.go; internal/cli/daemon/supervisor/lifecycle_test.go	Automated coverage found; not run	None logged	P0	Split from daemon lifecycle controls.
LCLI-OPS-005	Operations & Observability	Agent and task log inspection	As a Platform Engineer, I want bounded agent and task logs available from CLI and API, so failed or stuck work can be investigated without reading unbounded local files.	Log operations read agent and task logs with bounded line counts, expose server log APIs, and support diagnostic dump workflows for handoff.	internal/cli/daemon/daemon_logs_cmd.go; internal/webui/handlers/misc/logs.go; internal/cli/daemon/supervisor/supervisor.go	internal/cli/daemon/daemon_logs_cmd_test.go; internal/webui/handlers/misc/logs_test.go; internal/cli/daemon/supervisor/lifecycle_test.go	Automated coverage found; not run	None logged	P0	Split from daemon lifecycle controls.
LCLI-OPS-006	Operations & Observability	Monitor dashboard health and queue view	As an Engineering Manager, I want monitor dashboards to show workspace health, queues, agents, and task progress, so I can spot delivery risk without reading raw logs.	Monitor UI loads workspace status, agent and task queues, project health, utilization, loading states, error states, and FleetDB-backed runtime snapshots.	internal/webui/frontend/src/components/MonitorDashboard/MonitorDashboard.tsx; internal/cli/serve/metricscmd/handlers.go	test/fleetdb/ui/04-monitor.spec.ts; internal/webui/frontend/src/components/MonitorDashboard/__tests__/MonitorDashboard.test.tsx; internal/cli/serve/metricscmd/serve_coverage_test.go	Automated coverage found; not run	None logged	P1	Browser dashboard smoke was not run.
LCLI-OPS-007	Operations & Observability	Events, metrics, and tracing signal quality	As a Platform Engineer, I want events, metrics, and traces modeled as backend operational signals, so runtime failures can be debugged without depending only on dashboards.	Operational telemetry records events consistently, propagates trace context through event emission, exposes useful metric labels without cardinality blowups, initializes OpenTelemetry tracing, and provides observability APIs for replay or query.	internal/events/event.go; internal/events/emitter.go; internal/events/metrics.go; internal/events/trace_context.go; internal/events/otelexport/exporter.go; internal/observability/tracing/tracing.go; internal/cli/serve/observability/observability.go	internal/events/event_test.go; internal/events/metrics_test.go; internal/events/trace_context_test.go; internal/events/otelexport/parent_link_test.go; internal/observability/tracing/tracing_init_test.go; internal/observability/tracing/cardinality_test.go; internal/cli/daemon/supervisor/trace_propagate_test.go; internal/cli/serve/observability/observability_test.go	Automated coverage found; not run	None logged	P1	Docs mention older trace gaps, but implementation now includes event trace context.
LCLI-OPS-008	Operations & Observability	Usage and cost reporting	As an Engineering Manager, I want usage and cost reports by date, agent, backend, and token totals, so I can understand operational spend and adoption trends.	Usage collectors and APIs aggregate session usage by date, agent, backend, token counts, and estimated cost, and expose CLI/API/UI reporting surfaces.	internal/usage/store.go; internal/cli/serve/usagecmd/usage.go; internal/webui/frontend/src/components/UsageDashboard/UsageDashboard.tsx	internal/usage/store_test.go; internal/usage/collector_test.go; internal/cli/usage_cmd_e2e_test.go; internal/webui/frontend/src/components/UsageDashboard/__tests__/UsageDashboard.test.tsx	Automated coverage found; not run; Needs coverage	None logged	P1	Focused usage API handler coverage still appears thin.
LCLI-OPS-009	Operations & Observability	Retention cleanup controls	As a Platform Engineer, I want retention cleanup separated from usage reporting, so stale sessions, usage records, and event logs can be purged safely with dry-run previews.	Cleanup commands purge old sessions, usage records, and event JSONL files according to retention settings, support dry-run previews, and avoid deleting unrelated workspace data.	internal/usage/purge.go; internal/cli/cleanup/usage_cmd.go; internal/cli/cleanup/cleanup_cmd.go; internal/cli/cleanup/cleanup_events.go	internal/usage/purge_test.go; internal/cli/cleanup/usage_cmd_test.go; internal/cli/cleanup/cleanup_events_test.go	Automated coverage found; not run	None logged	P1	Split cleanup from reporting.
LCLI-OPS-010	Operations & Observability	Remote worker operations and log forwarding	As a Platform Engineer, I want remote worker operational state and forwarded logs visible through admin APIs, so distributed execution failures can be triaged from the control plane.	Worker operations expose registration, deregistration, lock-state updates, event forwarding, log forwarding, and service state needed to distinguish remote worker setup issues from runtime failures.	internal/cli/serve/worker/worker_cmd.go; internal/store/platform_store.go; internal/domain/platform.go; internal/webui/handlers/misc/worker_api.go	internal/cli/serve/worker/worker_cmd_test.go; internal/webui/handlers/misc/worker_api_test.go	Automated coverage found; not run	None logged	P1	Operational half of worker support; setup half is under Platform Setup.
LCLI-OPS-011	Operations & Observability	Desktop local runtime diagnostics	As a Platform Engineer, I want desktop local runtime status, logs, drain, resume, and startup diagnostics, so desktop-launched Loom failures can be repaired without inspecting app internals.	Local runtime commands report service state, runtime paths, app data, logs, daemon health, drain/resume outcomes, and startup diagnostic errors with JSON-friendly output.	internal/cli/local/local_cmd.go; internal/cli/local/runtime.go; internal/cli/local/daemon.go; internal/cli/workspace/ops_cmd.go	internal/cli/local/local_cmd_diag_test.go; internal/cli/local/runtime_test.go; internal/cli/local/daemon_test.go; internal/cli/workspace/ops_cmd_test.go	Automated coverage found; not run	None logged	P0	Setup/install is mapped under Platform Setup; this row covers operations.
LCLI-OPS-012	Operations & Observability	FleetDB HTTP and SSE transport resilience	As a Platform Engineer, I want FleetDB HTTP and realtime subscriptions to recover cleanly, so transient backend or network failures do not make workspace state silently stale.	FleetDB clients reuse transport safely, classify retryable failures, set long-poll timeouts, reconnect with cursors, catch up missed events, and keep workspace subscriptions isolated.	internal/backend/fleet/transport.go; internal/webui/subscription/backend_subscriber.go; internal/webui/server/realtime/handler.go; internal/webui/server/realtime/hub.go; internal/webui/subscription/module.go	internal/backend/fleet/transport_test.go; internal/webui/subscription/backend_subscriber_test.go; internal/webui/server/realtime/handler_test.go; internal/webui/server/realtime/hub_test.go	Automated coverage found; not run	None logged	P0	Split transport resiliency from user-facing realtime views.
LCLI-OPS-013	Operations & Observability	DriverRun and TaskRun operational timeline	As a Platform Engineer, I want DriverRun and TaskRun timelines, stale recovery, logs, artifacts, and worker lineage visible, so distributed automation failures can be triaged by control-plane state.	Workflow and task-run APIs expose run lifecycle, task request state, stale sweeps, events, artifacts, logs, worker placement, and terminal summaries needed to diagnose automation execution.	internal/cli/epic/run.go; internal/cli/serve/serve_loops.go; internal/driver/run.go; internal/driver/task_request.go; internal/driver/task_events.go; internal/store/platform_store.go; internal/webui/handlers/workflows/module.go	internal/webui/handlers/workflows/workflow_endpoints_e2e_test.go; internal/driver/task_request_test.go; internal/driver/task_events_test.go; internal/driver/run_events_test.go; scripts/test-real-flue-epic-runner.sh	Automated coverage found; not run; Manual pending	None logged	P0	Complements release-confidence rows; this is the operational triage surface.
